year,zone,month,methane_pct,ethane_pct,propane_pct,gross_heating_value_btu_scf,specific_gravity,c2h6_ch4_mol
2018,BAYFIELD,JAN,94.059,4.009,0.072,1028.1,0.5902,0.0426
2018,BAYFIELD,FEB,93.111,4.788,0.036,1031.0,0.5946,0.0514
2018,BAYFIELD,MAR,93.177,4.552,0.067,1029.0,0.5945,0.0489
2018,BAYFIELD,APR,95.253,2.975,0.087,1022.9,0.5837,0.0312
2018,BAYFIELD,MAY,93.254,4.993,0.061,1036.7,0.5925,0.0535
2018,BAYFIELD,JUN,93.197,4.813,0.073,1033.4,0.5946,0.0516
2018,BAYFIELD,JUL,93.46,4.553,0.057,1031.0,0.5932,0.0487
2018,BAYFIELD,AUG,94.505,3.783,0.036,1027.1,0.5861,0.04
2018,BAYFIELD,SEP,94.149,4.108,0.035,1029.4,0.5882,0.0436
2018,BAYFIELD,AVG,93.729,4.271,0.061,1029.1,0.5915,0.0456
2018,BRUSH,JAN,85.012,10.068,1.525,1097.7,0.6491,0.1184
2018,BRUSH,FEB,87.188,7.376,1.721,1079.1,0.6385,0.0846
2018,BRUSH,MAR,86.134,8.475,1.758,1090.4,0.645,0.0984
2018,BRUSH,APR,86.142,8.907,1.458,1088.0,0.6426,0.1034
2018,BRUSH,MAY,87.66,7.313,1.43,1073.9,0.6336,0.0834
2018,BRUSH,JUN,88.125,6.478,1.55,1069.5,0.6326,0.0735
2018,BRUSH,JUL,89.082,5.637,1.389,1058.7,0.6258,0.0633
2018,BRUSH,AUG,88.656,6.064,1.399,1063.3,0.6288,0.0684
2018,BRUSH,SEP,88.229,6.069,1.595,1066.9,0.6331,0.0688
2018,BRUSH,AVG,86.636,8.15,1.584,1083.5,0.6407,0.0941
2018,DENVER,JAN,78.707,11.731,1.187,1048.4,0.6741,0.149
2018,DENVER,FEB,79.021,11.587,1.165,1048.2,0.6723,0.1466
2018,DENVER,MAR,78.143,12.011,1.248,1050.0,0.6773,0.1537
2018,DENVER,APR,78.48,11.527,1.352,1049.0,0.6765,0.1469
2018,DENVER,MAY,78.907,10.668,1.691,1050.6,0.6771,0.1352
2018,DENVER,JUN,78.117,10.995,1.856,1052.8,0.6819,0.1408
2018,DENVER,JUL,78.747,11.273,1.372,1047.3,0.6753,0.1432
2018,DENVER,AUG,77.655,11.43,1.783,1054.0,0.6844,0.1472
2018,DENVER,SEP,77.525,11.448,1.82,1055.6,0.6856,0.1477
2018,DENVER,AVG,78.54,11.563,1.345,1049.6,0.6762,0.1472
2018,GRAND JUNCTION,JAN,92.367,4.462,0.374,1032.2,0.6038,0.0483
2018,GRAND JUNCTION,FEB,92.12,4.408,0.319,1027.1,0.6057,0.0479
2018,GRAND JUNCTION,MAR,91.425,4.737,0.372,1028.7,0.6102,0.0518
2018,GRAND JUNCTION,APR,90.749,4.59,0.501,1025.2,0.6164,0.0506
2018,GRAND JUNCTION,MAY,90.887,4.659,0.583,1031.2,0.617,0.0513
2018,GRAND JUNCTION,JUN,91.953,5.134,0.347,1039.7,0.6061,0.0558
2018,GRAND JUNCTION,JUL,92.941,4.04,0.3,1028.5,0.6,0.0435
2018,GRAND JUNCTION,AUG,94.897,2.063,0.402,1018.0,0.5903,0.0217
2018,GRAND JUNCTION,SEP,94.454,2.228,0.435,1017.8,0.5934,0.0236
2018,GRAND JUNCTION,AVG,92.162,4.296,0.387,1028.6,0.6059,0.0466
2018,GREASEWOOD,JAN,93.605,5.151,0.167,1048.3,0.5902,0.055
2018,GREASEWOOD,FEB,93.286,4.986,0.26,1044.8,0.5936,0.0534
2018,GREASEWOOD,MAR,93.115,5.189,0.219,1045.1,0.5938,0.0557
2018,GREASEWOOD,APR,93.115,5.189,0.219,1045.1,0.5938,0.0557
2018,GREASEWOOD,MAY,92.077,5.071,0.576,1046.0,0.603,0.0551
2018,GREASEWOOD,JUN,88.644,6.597,1.191,1057.7,0.626,0.0744
2018,GREASEWOOD,JUL,91.84,4.755,0.669,1040.3,0.6042,0.0518
2018,GREASEWOOD,AUG,93.791,3.358,0.646,1038.3,0.5946,0.0358
2018,GREASEWOOD,SEP,93.239,4.56,0.341,1042.6,0.5951,0.0489
2018,GREASEWOOD,AVG,92.869,5.025,0.366,1045.6,0.5965,0.0541
2018,MERINO,JAN,96.181,3.202,0.119,1036.4,0.575,0.0333
2018,MERINO,FEB,96.836,2.396,0.129,1029.5,0.5725,0.0247
2018,MERINO,MAR,97.065,2.358,0.052,1028.2,0.5703,0.0243
2018,MERINO,APR,93.797,5.609,0.148,1055.7,0.5866,0.0598
2018,MERINO,MAY,93.846,5.539,0.175,1055.6,0.5864,0.059
2018,MERINO,JUN,92.841,6.04,0.507,1066.5,0.5944,0.0651
2018,MERINO,JUL,92.96,6.482,0.299,1066.7,0.5906,0.0697
2018,MERINO,AUG,92.491,6.92,0.286,1069.5,0.593,0.0748
2018,MERINO,SEP,93.017,6.366,0.277,1065.3,0.5907,0.0684
2018,MERINO,AVG,94.338,4.99,0.221,1052.6,0.5844,0.0529
2018,MOUNTAIN,JAN,78.77,12.05,0.51,1031.0,0.6678,0.153
2018,MOUNTAIN,FEB,79.01,11.76,0.96,1045.2,0.6708,0.1488
2018,MOUNTAIN,MAR,78.7,12.86,0.5,1043.5,0.6686,0.1634
2018,MOUNTAIN,APR,78.9,12.66,0.54,1044.2,0.6677,0.1605
2018,MOUNTAIN,MAY,79.11,10.9,0.88,1026.8,0.6689,0.1378
2018,MOUNTAIN,JUN,87.94,4.94,0.74,1005.0,0.6329,0.0562
2018,MOUNTAIN,JUL,81.2,9.93,1.3,1041.4,0.6629,0.1223
2018,MOUNTAIN,AUG,88.49,4.99,0.58,1002.9,0.6285,0.0564
2018,MOUNTAIN,SEP,90.26,3.73,0.46,997.1,0.6219,0.0413
2018,MOUNTAIN,AVG,82.487,9.313,0.719,1026.3,0.6544,0.1129
2018,NORTHERN,JAN,86.351,9.703,1.328,1091.8,0.6389,0.1124
2018,NORTHERN,FEB,86.56,9.476,1.342,1089.9,0.6378,0.1095
2018,NORTHERN,MAR,85.103,10.677,1.498,1101.4,0.6469,0.1255
2018,NORTHERN,APR,85.652,10.056,1.57,1097.9,0.6446,0.1174
2018,NORTHERN,MAY,84.968,10.491,1.707,1102.9,0.6496,0.1235
2018,NORTHERN,JUN,84.609,10.557,1.906,1107.0,0.6528,0.1248
2018,NORTHERN,JUL,84.421,10.746,1.852,1106.1,0.6537,0.1273
2018,NORTHERN,AUG,83.74,11.323,2.016,1113.8,0.6577,0.1352
2018,NORTHERN,SEP,84.21,11.143,1.922,1113.4,0.6542,0.1323
2018,NORTHERN,AVG,85.375,10.283,1.596,1100.0,0.6462,0.1204
2018,PUEBLO,JAN,94.642,0.398,0.078,969.8,0.5822,0.0042
2018,PUEBLO,FEB,93.742,0.945,0.179,974.0,0.5877,0.0101
2018,PUEBLO,MAR,88.053,4.572,0.828,1003.6,0.6223,0.0519
2018,PUEBLO,APR,85.184,6.323,1.142,1017.4,0.6398,0.0742
2018,PUEBLO,MAY,79.539,9.531,1.939,1047.6,0.6756,0.1198
2018,PUEBLO,JUN,76.471,11.143,2.225,1055.7,0.694,0.1457
2018,PUEBLO,JUL,77.084,11.063,2.024,1053.4,0.6894,0.1435
2018,PUEBLO,AUG,75.896,11.637,2.188,1057.9,0.697,0.1533
2018,PUEBLO,SEP,76.031,11.548,2.22,1058.7,0.6962,0.1519
2018,PUEBLO,AVG,88.443,4.183,0.791,1000.2,0.6201,0.0473
2018,RIFLE-VAIL,JAN,92.633,5.103,0.633,1055.3,0.6026,0.0551
2018,RIFLE-VAIL,FEB,93.145,4.337,0.688,1049.0,0.6015,0.0466
2018,RIFLE-VAIL,MAR,91.679,5.142,0.882,1056.2,0.6123,0.0561
2018,RIFLE-VAIL,APR,96.27,3.28,0.168,1041.3,0.575,0.0341
2018,RIFLE-VAIL,MAY,95.695,3.174,0.268,1037.5,0.5812,0.0332
2018,RIFLE-VAIL,JUN,95.707,3.432,0.202,1039.4,0.5797,0.0359
2018,RIFLE-VAIL,JUL,96.138,3.007,0.26,1038.7,0.5778,0.0313
2018,RIFLE-VAIL,AUG,96.135,2.757,0.297,1035.6,0.5789,0.0287
2018,RIFLE-VAIL,SEP,95.246,3.47,0.194,1035.2,0.5836,0.0364
2018,RIFLE-VAIL,AVG,94.342,3.961,0.456,1045.2,0.591,0.042
2018,SOUTHERN,JAN,95.238,0.232,0.007,970.5,0.5995,0.0024
2018,SOUTHERN,FEB,95.327,0.229,0.007,971.3,0.5987,0.0024
2018,SOUTHERN,MAR,95.406,0.23,0.007,972.2,0.5979,0.0024
2018,SOUTHERN,APR,95.357,0.23,0.007,971.7,0.5984,0.0024
2018,SOUTHERN,MAY,95.406,0.23,0.007,972.2,0.5979,0.0024
2018,SOUTHERN,JUN,95.224,0.231,0.007,970.3,0.5997,0.0024
2018,SOUTHERN,JUL,95.212,0.232,0.007,970.2,0.5998,0.0024
2018,SOUTHERN,AUG,95.19,0.232,0.007,970.0,0.6,0.0024
2018,SOUTHERN,SEP,95.201,0.234,0.007,970.2,0.5999,0.0025
2018,SOUTHERN,AVG,95.291,0.231,0.007,971.0,0.599,0.0024
2018,STERLING,JAN,93.492,1.53,0.571,1002.3,0.5929,0.0164
2018,STERLING,FEB,93.591,1.426,0.551,1001.0,0.5924,0.0152
2018,STERLING,MAR,93.841,1.102,0.476,996.1,0.5909,0.0117
2018,STERLING,APR,93.84,1.155,0.485,997.3,0.5911,0.0123
2018,STERLING,MAY,93.823,1.077,0.474,996.2,0.5913,0.0115
2018,STERLING,JUN,93.826,1.075,0.475,996.2,0.5913,0.0115
2018,STERLING,JUL,93.716,1.232,0.491,998.0,0.5919,0.0131
2018,STERLING,AUG,93.599,1.365,0.516,999.5,0.5925,0.0146
2018,STERLING,SEP,93.79,1.103,0.482,995.9,0.5911,0.0118
2018,STERLING,AVG,93.652,1.343,0.53,999.7,0.592,0.0143
2023,BAYFIELD,JAN,91.709,5.646,0.979,1064.9,0.6041,0.0616
2023,BAYFIELD,FEB,91.773,5.882,1.029,1066.1,0.6023,0.0641
2023,BAYFIELD,MAR,92.4031,5.7354,0.5493,1055.6,0.5964,0.0621
2023,BAYFIELD,APR,92.931,6.047,0.047,1051.6,0.5909,0.0651
2023,BAYFIELD,MAY,93.412,5.508,0.068,1047.5,0.5886,0.059
2023,BAYFIELD,JUN,92.702,6.33,0.077,1055.1,0.5923,0.0683
2023,BAYFIELD,JUL,92.714,6.169,0.092,1052.9,0.5922,0.0665
2023,BAYFIELD,AUG,93.866,4.913,0.122,1043.2,0.5868,0.0523
2023,BAYFIELD,SEP,93.079,5.675,0.092,1047.9,0.5911,0.061
2023,BAYFIELD,OCT,94.566,4.105,0.104,1035.6,0.5836,0.0434
2023,BAYFIELD,NOV,93.372,5.478,0.029,1045.5,0.5889,0.0587
2023,BAYFIELD,DEC,94.426,4.1,0.051,1032.4,0.5835,0.0434
2023,BAYFIELD,AVG,93.079,5.466,0.27,1049.9,0.592,0.0587
2023,BRUSH,JAN,85.777,9.766,1.609,1094.8,0.6436,0.1139
2023,BRUSH,FEB,86.111,9.468,1.532,1091.3,0.6413,0.11
2023,BRUSH,MAR,86.343,9.007,1.609,1089.0,0.6407,0.1043
2023,BRUSH,APR,87.488,7.866,1.477,1075.7,0.633,0.0899
2023,BRUSH,MAY,87.458,7.724,1.459,1072.2,0.6336,0.0883
2023,BRUSH,JUN,87.704,6.85,1.692,1067.8,0.6338,0.0781
2023,BRUSH,JUL,87.66,6.714,1.811,1069.5,0.6349,0.0766
2023,BRUSH,AUG,87.269,7.076,1.864,1073.6,0.6376,0.0811
2023,BRUSH,SEP,85.278,8.612,2.318,1095.4,0.6521,0.101
2023,BRUSH,OCT,83.917,9.73,2.52,1106.5,0.6619,0.1159
2023,BRUSH,NOV,84.531,10.1,1.998,1101.5,0.6542,0.1195
2023,BRUSH,DEC,84.526,9.97,2.143,1104.6,0.6552,0.118
2023,BRUSH,AVG,86.172,8.574,1.836,1086.8,0.643,0.0995
2023,DENVER,JAN,84.288,8.467,0.687,1025.9,0.6403,0.1005
2023,DENVER,FEB,84.193,8.504,0.73,1026.9,0.6411,0.101
2023,DENVER,MAR,84.687,8.072,0.714,1023.8,0.6382,0.0953
2023,DENVER,APR,83.833,8.514,0.807,1025.7,0.6439,0.1016
2023,DENVER,MAY,84.333,8.492,0.59,1024.1,0.6407,0.1007
2023,DENVER,JUN,82.611,9.316,0.853,1029.6,0.6518,0.1128
2023,DENVER,JUL,83.505,8.667,0.757,1025.0,0.6459,0.1038
2023,DENVER,AUG,83.674,8.404,0.703,1020.1,0.6444,0.1004
2023,DENVER,SEP,82.576,8.932,0.909,1025.6,0.6522,0.1082
2023,DENVER,OCT,81.89,9.88,0.86,1032.3,0.656195,0.1206
2023,DENVER,NOV,83.49,8.93,0.819,1033.0,0.648,0.107
2023,DENVER,DEC,83.871,8.7,0.817,1033.0,0.645,0.1037
2023,DENVER,AVG,83.579,8.74,0.771,1027.1,0.646,0.1046
2023,GRAND JUNCTION,JAN,92.407,5.308,0.654,1056.5,0.6026,0.0574
2023,GRAND JUNCTION,FEB,93.577,4.607,0.27,1040.4,0.5934,0.0492
2023,GRAND JUNCTION,MAR,92.335,5.859,0.299,1050.5,0.599,0.0635
2023,GRAND JUNCTION,APR,93.035,5.6,0.207,1049.2,0.5938,0.0602
2023,GRAND JUNCTION,MAY,92.142,6.497,0.204,1056.0,0.5979,0.0705
2023,GRAND JUNCTION,JUN,91.862,6.533,0.302,1057.2,0.6004,0.0711
2023,GRAND JUNCTION,JUL,91.981,6.246,0.346,1054.6,0.6007,0.0679
2023,GRAND JUNCTION,AUG,91.799,6.543,0.344,1057.3,0.6011,0.0713
2023,GRAND JUNCTION,SEP,92.042,6.378,0.324,1056.3,0.5997,0.0693
2023,GRAND JUNCTION,OCT,92.18,6.36,0.22,1054.1,0.5982,0.069
2023,GRAND JUNCTION,NOV,92.0583,6.362,0.2447,1054.5,0.5995,0.0691
2023,GRAND JUNCTION,DEC,92.316,5.951,0.25,1049.5,0.5989,0.0645
2023,GRAND JUNCTION,AVG,92.311,6.02,0.305,1053.0,0.599,0.0652
2023,GREASEWOOD,JAN,93.5849,5.2628,0.4098,1057.2,0.5917,0.0562
2023,GREASEWOOD,FEB,93.1995,5.447,0.5564,1062.8,0.595,0.0584
2023,GREASEWOOD,MAR,93.7722,5.2829,0.3795,1059.3,0.5899,0.0563
2023,GREASEWOOD,APR,94.353,4.8867,0.2698,1053.5,0.5858,0.0518
2023,GREASEWOOD,MAY,94.7051,4.7797,0.0729,1048.3,0.5826,0.0505
2023,GREASEWOOD,JUN,94.4518,4.8179,0.0,1043.9,0.5846,0.051
2023,GREASEWOOD,JUL,93.6061,5.5739,0.0,1048.8,0.5889,0.0595
2023,GREASEWOOD,AUG,97.7123,1.9428,0.0,1025.8,0.567,0.0199
2023,GREASEWOOD,SEP,97.651,1.901,0.0,1024.4,0.5672,0.0195
2023,GREASEWOOD,OCT,95.989,3.187,0.144,1034.1,0.5775,0.0332
2023,GREASEWOOD,NOV,97.1616,2.1734,0.0583,1025.8,0.5712,0.0224
2023,GREASEWOOD,DEC,97.505,1.881,0.0,1022.6,0.5693,0.0193
2023,GREASEWOOD,AVG,95.308,3.928,0.158,1042.2,0.581,0.0412
2023,MERINO,JAN,89.9165,7.9947,0.616,1073.8,0.6119,0.0889
2023,MERINO,FEB,88.7407,8.2166,0.772,1070.9,0.6214,0.0926
2023,MERINO,MAR,89.1541,7.7559,0.718,1064.7,0.6195,0.087
2023,MERINO,APR,87.9663,8.5796,0.8489,1071.1,0.6266,0.0975
2023,MERINO,MAY,89.849,7.301,0.5738,1060.0,0.6146,0.0813
2023,MERINO,JUN,97.889,1.4793,0.09,1022.1,0.5662,0.0151
2023,MERINO,JUL,96.254,2.9917,0.1705,1035.2,0.5751,0.0311
2023,MERINO,AUG,93.2623,4.7602,0.5233,1049.6,0.5959,0.051
2023,MERINO,SEP,91.9792,5.7156,0.6008,1056.3,0.6037,0.0621
2023,MERINO,OCT,93.9527,4.3038,0.5051,1048.2,0.5919,0.0458
2023,MERINO,NOV,95.2754,3.4327,0.3956,1041.5,0.583,0.036
2023,MERINO,DEC,89.802,8.008,0.617,1075.2,0.6139,0.0892
2023,MERINO,AVG,92.003,5.878,0.536,1056.0,0.602,0.0639
2023,MOUNTAIN,JAN,84.7081,8.1646,0.3349,1014.0,0.6347,0.0964
2023,MOUNTAIN,FEB,84.5374,8.3145,0.5232,1019.6,0.6367,0.0984
2023,MOUNTAIN,MAR,85.5866,8.1309,0.4492,1025.2,0.6278,0.095
2023,MOUNTAIN,APR,85.9379,7.5069,0.3733,1015.7,0.6274,0.0874
2023,MOUNTAIN,MAY,85.0735,7.8059,0.4927,1016.8,0.6349,0.0918
2023,MOUNTAIN,JUN,84.1379,8.241,0.6558,1021.2,0.6425,0.0979
2023,MOUNTAIN,JUL,81.8977,9.6519,1.0251,1033.0,0.6567,0.1179
2023,MOUNTAIN,AUG,83.5872,8.5003,0.8096,1025.7,0.6478,0.1017
2023,MOUNTAIN,SEP,85.81111,7.0437,0.6161,1017.1,0.6379,0.0821
2023,MOUNTAIN,OCT,84.2612,7.9936,0.6543,1017.4,0.6451,0.0949
2023,MOUNTAIN,NOV,83.4945,8.863,0.5924,1023.8,0.6473,0.1062
2023,MOUNTAIN,DEC,83.335,9.133,0.572,1027.2,0.6471,0.1096
2023,MOUNTAIN,AVG,84.364,8.279,0.592,1021.4,0.64,0.0981
2023,NORTHERN,JAN,87.908,8.74,1.085,1079.8,0.628,0.0994
2023,NORTHERN,FEB,87.958,8.772,0.961,1076.9,0.6262,0.0997
2023,NORTHERN,MAR,88.131,8.597,1.03,1078.1,0.6265,0.0975
2023,NORTHERN,APR,87.545,8.907,1.182,1082.0,0.6307,0.1017
2023,NORTHERN,MAY,89.885,7.29,0.801,1065.5,0.6149,0.0811
2023,NORTHERN,JUN,87.986,8.88,0.765,1074.9,0.6261,0.1009
2023,NORTHERN,JUL,85.853,9.686,1.717,1097.1,0.6442,0.1128
2023,NORTHERN,AUG,87.504,9.002,1.032,1081.0,0.6305,0.1029
2023,NORTHERN,SEP,85.349,10.02,1.766,1101.5,0.6482,0.1174
2023,NORTHERN,OCT,87.766,9.152,0.51,1069.2,0.6267,0.1043
2023,NORTHERN,NOV,88.893,8.05,0.751,1068.8,0.6212,0.0906
2023,NORTHERN,DEC,89.146,7.893,0.715,1067.5,0.6192,0.0885
2023,NORTHERN,AVG,87.827,8.749,1.026,1078.5,0.629,0.0996
2023,PUEBLO,JAN,94.143,1.045,0.122,977.3,0.5853,0.0111
2023,PUEBLO,FEB,94.411,0.829,0.116,976.0,0.5839,0.0088
2023,PUEBLO,MAR,94.358,0.889,0.115,976.5,0.5842,0.0094
2023,PUEBLO,APR,92.76,2.114,0.205,984.5,0.5932,0.0228
2023,PUEBLO,MAY,85.918,7.403,0.496,1018.3,0.6323,0.0862
2023,PUEBLO,JUN,81.413,9.58,1.19,1032.0,0.6593,0.1177
2023,PUEBLO,JUL,83.022,8.569,0.942,1023.2,0.6482,0.1032
2023,PUEBLO,AUG,82.977,8.35,0.871,1016.9,0.6481,0.1006
2023,PUEBLO,SEP,81.715,8.905,1.091,1021.7,0.657,0.109
2023,PUEBLO,OCT,80.97,9.19,1.45,1029.9,0.6629,0.1135
2023,PUEBLO,NOV,92.284,2.236,0.279,984.5,0.5965,0.0242
2023,PUEBLO,DEC,92.0655,2.4543,0.2967,986.5,0.5977,0.0267
2023,PUEBLO,AVG,88.003,5.13,0.598,1002.3,0.621,0.0583
2023,RIFLE-VAIL,JAN,92.414,5.401,0.632,1058.1,0.6033,0.0584
2023,RIFLE-VAIL,FEB,92.528,5.4,0.575,1056.2,0.6019,0.0584
2023,RIFLE-VAIL,MAR,92.542,5.087,0.626,1052.7,0.6033,0.055
2023,RIFLE-VAIL,APR,94.808,4.722,0.116,1049.4,0.5819,0.0498
2023,RIFLE-VAIL,MAY,93.083,5.113,0.549,1056.8,0.5978,0.0549
2023,RIFLE-VAIL,JUN,92.965,5.67,0.451,1060.3,0.5958,0.061
2023,RIFLE-VAIL,JUL,94.054,4.354,0.508,1050.6,0.5917,0.0463
2023,RIFLE-VAIL,AUG,95.178,3.756,0.267,1041.2,0.5829,0.0395
2023,RIFLE-VAIL,SEP,95.107,3.814,0.228,1039.7,0.5832,0.0401
2023,RIFLE-VAIL,OCT,94.27,4.72,0.19,1045.5,0.5867,0.0501
2023,RIFLE-VAIL,NOV,92.269,4.539,0.834,1049.3,0.6094,0.0492
2023,RIFLE-VAIL,DEC,92.048,5.45,0.656,1055.1,0.6064,0.0592
2023,RIFLE-VAIL,AVG,93.439,4.835,0.469,1051.2,0.595,0.0517
2023,SOUTHERN,JAN,94.474,0.0,0.016,959.2,0.6082,0.0
2023,SOUTHERN,FEB,94.687,0.0,0.014,961.1,0.6061,0.0
2023,SOUTHERN,MAR,95.014,0.0,0.008,964.2,0.6029,0.0
2023,SOUTHERN,APR,94.747,0.0,0.008,961.5,0.6055,0.0
2023,SOUTHERN,MAY,94.597,0.0,0.01,960.1,0.6069,0.0
2023,SOUTHERN,JUN,94.488,0.0,0.009,958.9,0.608,0.0
2023,SOUTHERN,JUL,94.41,0.0,0.009,958.1,0.6087,0.0
2023,SOUTHERN,AUG,94.274,0.0,0.01,956.7,0.6101,0.0
2023,SOUTHERN,SEP,94.129,0.0,0.014,955.5,0.6115,0.0
2023,SOUTHERN,OCT,94.32,0.0,0.01,957.3,0.6097,0.0
2023,SOUTHERN,NOV,94.302,0.0,0.011,957.0,0.6099,0.0
2023,SOUTHERN,DEC,94.152,0.0,0.02,955.8,0.6114,0.0
2023,SOUTHERN,AVG,94.466,0.0,0.012,958.8,0.608,0.0
2023,STERLING,JAN,90.5044,5.6439,0.8544,1046.8,0.6114,0.0624
2023,STERLING,FEB,90.2646,5.8225,0.9021,1049.2,0.6132,0.0645
2023,STERLING,MAR,89.5836,6.2462,1.0815,1055.8,0.6184,0.0697
2023,STERLING,APR,89.6398,5.7636,1.2264,1052.8,0.6188,0.0643
2023,STERLING,MAY,90.0048,5.1511,1.3022,1047.8,0.6167,0.0572
2023,STERLING,JUN,92.8402,2.3282,0.7213,1011.9,0.5975,0.0251
2023,STERLING,JUL,93.9094,1.2898,0.4663,997.3,0.5899,0.0137
2023,STERLING,AUG,93.34,2.006,0.51,1005.4,0.5936,0.0215
2023,STERLING,SEP,93.1032,2.2907,0.5331,1008.7,0.5951,0.0246
2023,STERLING,OCT,93.0246,2.521,0.5167,1011.5,0.5957,0.0271
2023,STERLING,NOV,91.0722,4.8465,0.6767,1036.6,0.6082,0.0532
2023,STERLING,DEC,90.363,5.474,0.707,1040.1,0.6123,0.0606
2023,STERLING,AVG,91.471,4.115,0.791,1030.3,0.606,0.045
2024,BAYFIELD,JAN,94.248,3.868,0.153,1029.8,0.5846,0.041
2024,BAYFIELD,FEB,93.4,4.4,0.4,1037.3,0.5898,0.0471
2024,BAYFIELD,MAR,94.15,4.15,0.1,1032.1,0.5849,0.0441
2024,BAYFIELD,APR,93.3766,0.0,5.6734,1092.1,0.6161,0.0
2024,BAYFIELD,MAY,94.654,4.329,0.03,1038.2,0.5821,0.0457
2024,BAYFIELD,JUN,93.655,4.706,0.023,1034.4,0.5867,0.0502
2024,BAYFIELD,JUL,93.783,5.672,0.018,1052.8,0.5868,0.0605
2024,BAYFIELD,AUG,94.878,3.76,0.18,1037.8,0.5835,0.0396
2024,BAYFIELD,SEP,94.043,4.66,0.08,1041.87125,0.58671961,0.0496
2024,BAYFIELD,OCT,94.043,4.66,0.08,1041.9,0.5867,0.0496
2024,BAYFIELD,NOV,94.041,4.67,0.079,1042.0,0.5867,0.0497
2024,BAYFIELD,DEC,93.982,4.983,0.05,1045.9,0.5868,0.053
2024,BAYFIELD,AVG,94.02,4.157,0.57,1043.5,0.5883,0.0442
2024,BRUSH,JAN,83.72,10.636,2.248,1110.0,0.6601,0.127
2024,BRUSH,FEB,84.264,10.22,2.097,1104.3,0.6561,0.1213
2024,BRUSH,MAR,84.73,9.91,2.04,1102.3,0.6532,0.117
2024,BRUSH,APR,86.631,8.547,1.594,1084.0,0.6394,0.0987
2024,BRUSH,MAY,87.35,7.92,1.49,1077.5,0.6349,0.0907
2024,BRUSH,JUN,88.447,8.602,0.725,1072.9,0.6235,0.0973
2024,BRUSH,JUL,87.108,9.332,1.024,1081.4,0.6322,0.1071
2024,BRUSH,AUG,87.438,7.983,1.431,1079.6,0.5941,0.0913
2024,BRUSH,SEP,86.817,9.194,1.219,1087.1,0.6376,0.1059
2024,BRUSH,OCT,87.303,9.225,0.928,1081.4,0.6324,0.1057
2024,BRUSH,NOV,87.695,9.08,0.854,1080.3,0.6293,0.1035
2024,BRUSH,DEC,87.511,9.198,0.89,1081.9,0.6304,0.1051
2024,BRUSH,AVG,86.58,9.153,1.378,1086.4,0.635,0.1057
2024,DENVER,JAN,83.677,8.979,0.813,1033.7,0.6451,0.1073
2024,DENVER,FEB,83.551,9.006,0.822,1033.3,0.6458,0.1078
2024,DENVER,MAR,83.122,9.161,0.907,1034.4,0.649,0.1102
2024,DENVER,APR,82.755,9.302,0.917,1033.7,0.6512,0.1124
2024,DENVER,MAY,83.737,8.855,0.665,1027.1,0.6448,0.1057
2024,DENVER,JUN,83.336,9.14,0.636,1027.5,0.6468,0.1097
2024,DENVER,JUL,83.021,9.176,0.835,1032.0,0.6499,0.1105
2024,DENVER,AUG,83.55,8.868,0.785,1031.5,0.6472,0.1061
2024,DENVER,SEP,82.665,9.184,0.95,1035.5,0.654,0.1111
2024,DENVER,OCT,83.625,8.854,0.828,1034.6,0.6481,0.1059
2024,DENVER,NOV,82.694,9.372,1.171,1046.4,0.6553,0.1133
2024,DENVER,DEC,83.379,9.233,0.878,1039.9,0.6501,0.1107
2024,DENVER,AVG,83.259,9.094,0.851,1033.9,0.6488,0.1092
2024,GRAND JUNCTION,JAN,91.826,6.308,0.289,1052.1,0.602,0.0687
2024,GRAND JUNCTION,FEB,91.5879,6.2055,0.35587,1051.1,0.6038,0.0678
2024,GRAND JUNCTION,MAR,92.711,5.437,0.257,1045.6,0.5972,0.0586
2024,GRAND JUNCTION,APR,93.107,5.601,0.24,1050.9,0.5931,0.0602
2024,GRAND JUNCTION,MAY,92.557,5.847,0.261,1050.2,0.5972,0.0632
2024,GRAND JUNCTION,JUN,92.936,5.486,0.34,1050.6,0.5954,0.059
2024,GRAND JUNCTION,JUL,90.935,7.054,0.657,1068.6,0.6076,0.0776
2024,GRAND JUNCTION,AUG,90.908,7.037,0.666,1071.1,0.6092,0.0774
2024,GRAND JUNCTION,SEP,91.386,6.704,0.618,1068.3,0.6061,0.0734
2024,GRAND JUNCTION,OCT,91.281,6.673,0.761,1071.5,0.6075,0.0731
2024,GRAND JUNCTION,NOV,91.538,6.495,0.703,1069.4,0.6057,0.071
2024,GRAND JUNCTION,DEC,92.454,5.858,0.52,1061.0,0.5992,0.0634
2024,GRAND JUNCTION,AVG,91.936,6.225,0.472,1058.8,0.6018,0.0677
2024,GREASEWOOD,JAN,95.616,3.704,0.0,1035.9,0.5788,0.0387
2024,GREASEWOOD,FEB,93.7644,5.5038,0.0,1049.2,0.588,0.0587
2024,GREASEWOOD,MAR,95.614,3.419,0.0,1030.8,0.5802,0.0358
2024,GREASEWOOD,APR,96.75,2.644,0.0,1028.5,0.5728,0.0273
2024,GREASEWOOD,MAY,96.78,2.64,0.0,1028.7,0.5726,0.0273
2024,GREASEWOOD,JUN,96.14,3.09,0.0,1030.3,0.5764,0.0321
2024,GREASEWOOD,JUL,95.378,3.642,0.0,1032.4,0.5809,0.0382
2024,GREASEWOOD,AUG,96.004,3.284,0.0,1034.5,0.5777,0.0342
2024,GREASEWOOD,SEP,94.447,4.968,0.0,1048.8,0.5849,0.0526
2024,GREASEWOOD,OCT,86.938,8.276,0.0,1031.7,0.6252,0.0952
2024,GREASEWOOD,NOV,85.274,8.895,0.0,1025.8,0.6342,0.1043
2024,GREASEWOOD,DEC,97.122,2.206,0.0,1026.6,0.5723,0.0227
2024,GREASEWOOD,AVG,94.153,4.356,0.0,1033.2,0.5868,0.0463
2024,MERINO,JAN,88.015,8.789,0.846,1078.4,0.6262,0.0999
2024,MERINO,FEB,88.1304,8.7986,0.8623,1078.6,0.6246,0.0998
2024,MERINO,MAR,85.945,10.081,1.076,1089.4,0.6414,0.1173
2024,MERINO,APR,86.541,10.102,1.029,1092.7,0.636,0.1167
2024,MERINO,MAY,90.065,7.713,1.3926,1093.0,0.6133,0.0856
2024,MERINO,JUN,92.3582,6.9716,0.3053,1069.8,0.5938,0.0755
2024,MERINO,JUL,90.74,8.368,0.295,1078.5,0.6029,0.0922
2024,MERINO,AUG,88.516,8.236,1.0,1081.1,0.625,0.093
2024,MERINO,SEP,89.201,8.764,0.675,1085.7,0.6167,0.0983
2024,MERINO,OCT,89.517,8.94,0.54,1087.1,0.6131,0.0999
2024,MERINO,NOV,89.569,8.923,0.528,1086.9,0.6127,0.0996
2024,MERINO,DEC,91.083,8.398,0.191,1081.2,0.6004,0.0922
2024,MERINO,AVG,89.14,8.674,0.728,1083.1,0.617,0.0973
2024,MOUNTAIN,JAN,83.724,8.593,0.625,1024.4,0.6449,0.1026
2024,MOUNTAIN,FEB,83.484,9.024,0.522,1024.0,0.6446,0.1081
2024,MOUNTAIN,MAR,83.644,8.99,0.511,1024.5,0.6437,0.1075
2024,MOUNTAIN,APR,83.701,8.967,0.492,1022.8,0.6427,0.1071
2024,MOUNTAIN,MAY,83.983,8.803,0.474,1022.0,0.641,0.1048
2024,MOUNTAIN,JUN,84.4179,8.5649,0.4296,1020.5,0.6383,0.1015
2024,MOUNTAIN,JUL,84.0463,8.9762,0.4262,1023.9,0.6418,0.1068
2024,MOUNTAIN,AUG,87.565,5.96,0.301,1005.0,0.6326,0.0681
2024,MOUNTAIN,SEP,90.312,4.142,0.263,997.5,0.6191,0.0459
2024,MOUNTAIN,OCT,92.945,4.873,0.332,1040.6,0.5978,0.0524
2024,MOUNTAIN,NOV,93.329,5.223,0.356,1051.2,0.5935,0.056
2024,MOUNTAIN,DEC,83.442,9.066,0.55,1026.0,0.6473,0.1087
2024,MOUNTAIN,AVG,86.216,7.599,0.44,1023.3,0.6322,0.0881
2024,NORTHERN,JAN,89.19,8.014,0.653,1067.2,0.6182,0.0899
2024,NORTHERN,FEB,89.346,7.85,0.667,1066.8,0.6175,0.0879
2024,NORTHERN,MAR,89.21,7.833,0.8,1069.6,0.6195,0.0878
2024,NORTHERN,APR,87.583,9.05,0.933,1078.8,0.6291,0.1033
2024,NORTHERN,MAY,88.247,8.693,0.762,1072.7,0.6244,0.0985
2024,NORTHERN,JUN,88.447,8.602,0.725,1072.9,0.6235,0.0973
2024,NORTHERN,JUL,87.108,9.332,1.024,1081.4,0.6322,0.1071
2024,NORTHERN,AUG,87.117,9.391,0.974,1083.0,0.633,0.1078
2024,NORTHERN,SEP,86.623,9.647,1.118,1089.48444,0.63806783,0.1114
2024,NORTHERN,OCT,87.303,9.225,0.928,1081.4,0.6324,0.1057
2024,NORTHERN,NOV,87.695,9.08,0.854,1080.3,0.6293,0.1035
2024,NORTHERN,DEC,87.511,9.198,0.89,1081.9,0.6304,0.1051
2024,NORTHERN,AVG,87.945,8.826,0.861,1076.9,0.6272,0.1004
2024,PUEBLO,JAN,91.92,2.728,0.291,989.6,0.5985,0.0297
2024,PUEBLO,FEB,90.106,3.865,0.458,996.9,0.6093,0.0429
2024,PUEBLO,MAR,85.155,7.172,0.923,1020.0,0.6385,0.0842
2024,PUEBLO,APR,82.888,8.604,1.138,1029.1,0.6519,0.1038
2024,PUEBLO,MAY,82.894,8.876,0.929,1027.9,0.6515,0.1071
2024,PUEBLO,JUN,82.888,8.569,0.843,1020.2,0.6508,0.1034
2024,PUEBLO,JUL,82.67,8.647,1.042,1025.4,0.653,0.1046
2024,PUEBLO,AUG,82.949,8.599,1.002,1028.0,0.6516,0.1037
2024,PUEBLO,SEP,82.175,8.964,1.147,1033.1,0.6577,0.1091
2024,PUEBLO,OCT,84.149,8.21,0.903,1031.3,0.6456,0.0976
2024,PUEBLO,NOV,87.883,4.967,0.941,1013.8,0.6258,0.0565
2024,PUEBLO,DEC,86.733,6.365,0.831,1020.5,0.6312,0.0734
2024,PUEBLO,AVG,85.201,7.131,0.871,1019.3,0.6386,0.0837
2024,RIFLE-VAIL,JAN,91.82,5.73,0.68,1058.7,0.6073,0.0624
2024,RIFLE-VAIL,FEB,92.343,4.982,0.667,1050.3,0.6058,0.054
2024,RIFLE-VAIL,MAR,92.667,4.276,0.795,1046.5,0.6065,0.0461
2024,RIFLE-VAIL,APR,96.379,2.793,0.153,1032.4,0.5758,0.029
2024,RIFLE-VAIL,MAY,94.887,4.0,0.202,1039.5,0.5843,0.0422
2024,RIFLE-VAIL,JUN,94.43,4.058,0.364,1042.5,0.5889,0.043
2024,RIFLE-VAIL,JUL,96.13,2.977,0.23,1035.5,0.5776,0.031
2024,RIFLE-VAIL,AUG,92.832,5.953,0.428,1064.1,0.5964,0.0641
2024,RIFLE-VAIL,SEP,92.538,5.649,0.574,1062.3,0.6012,0.061
2024,RIFLE-VAIL,OCT,93.78,4.348,0.735,1058.9,0.5963,0.0464
2024,RIFLE-VAIL,NOV,93.041,4.32,0.77,1049.8,0.6025,0.0464
2024,RIFLE-VAIL,DEC,91.791,5.311,0.811,1059.0,0.6111,0.0579
2024,RIFLE-VAIL,AVG,93.55,4.53,0.53,1049.7,0.5961,0.0484
2024,SOUTHERN,JAN,94.205,0.0,0.02,956.3,0.6109,0.0
2024,SOUTHERN,FEB,94.293,0.0,0.02,957.2,0.61,0.0
2024,SOUTHERN,MAR,94.249,0.0,0.015,956.6,0.6104,0.0
2024,SOUTHERN,APR,94.089,0.0,0.01,954.9,0.612,0.0
2024,SOUTHERN,MAY,94.177,0.0,0.01,955.7,0.6111,0.0
2024,SOUTHERN,JUN,94.597,0.0,0.01,960.0,0.607,0.0
2024,SOUTHERN,JUL,94.073,0.0,0.01,954.7,0.6121,0.0
2024,SOUTHERN,AUG,94.066,0.0,0.01,957.0,0.6134,0.0
2024,SOUTHERN,SEP,94.082,0.0,0.012,957.0,0.6132,0.0
2024,SOUTHERN,OCT,94.061,0.0,0.011,957.0,0.6134,0.0
2024,SOUTHERN,NOV,94.015,0.0,0.019,955.0,0.6127,0.0
2024,SOUTHERN,DEC,94.089,0.0,0.02,957.0,0.6132,0.0
2024,SOUTHERN,AVG,94.166,0.0,0.014,956.3,0.6115,0.0
2024,STERLING,JAN,89.99,6.038,0.687,1045.0,0.614,0.0671
2024,STERLING,FEB,89.384,6.975,0.727,1056.1,0.6178,0.078
2024,STERLING,MAR,90.488,5.56,0.648,1040.4,0.6107,0.0614
2024,STERLING,APR,91.295,4.423,0.612,1028.1,0.6058,0.0484
2024,STERLING,MAY,90.337,5.547,0.754,1042.1,0.6123,0.0614
2024,STERLING,JUN,90.224,5.861,0.735,1045.3,0.613,0.065
2024,STERLING,JUL,90.834,5.382,0.685,1041.7,0.6094,0.0593
2024,STERLING,AUG,88.565,7.797,0.993,1069.0,0.6253,0.088
2024,STERLING,SEP,87.837,8.531,1.071,1076.6,0.6294,0.0971
2024,STERLING,OCT,89.6003,6.59,0.873,1057.6,0.619,0.0735
2024,STERLING,NOV,90.2897,5.81,0.796,1047.3,0.6138,0.0643
2024,STERLING,DEC,90.9446,4.898,0.696,1038.3,0.6104,0.0539
2024,STERLING,AVG,89.983,6.118,0.773,1048.7,0.615,0.068
2025,BAYFIELD,JAN,94.434,5.092,0.06,1043.5,0.5863,0.0539
2025,BAYFIELD,FEB,94.5,4.2,0.1,1036.4,0.5857,0.0444
2025,BAYFIELD,MAR,94.139,4.91,0.029,1043.3,0.5666,0.0522
2025,BAYFIELD,APR,94.125,5.007,0.05,1045.3,0.5859,0.0532
2025,BAYFIELD,MAY,93.938,5.1,0.05,1045.1,0.587,0.0543
2025,BAYFIELD,JUN,94.561,4.318,0.066,1038.2,0.5834,0.0457
2025,BAYFIELD,JUL,93.609,5.137,0.195,1047.8,0.5901,0.0549
2025,BAYFIELD,AUG,92.848,6.14,0.05,1052.5,0.5924,0.0661
2025,BAYFIELD,SEP,93.552,4.902,0.033,1037.1,0.587,0.0524
2025,BAYFIELD,OCT,93.429,4.924,0.041,1036.7,0.5883,0.0527
2025,BAYFIELD,NOV,93.87,4.788,0.078,1039.9,0.5883,0.051
2025,BAYFIELD,DEC,93.74,5.167,0.05,1044.2,0.5876,0.0551
2025,BAYFIELD,AVG,93.58,4.96,0.06,1043.5,0.5858,0.053
2025,DENVER,JAN,81.692,10.385,0.974,1044.5,0.6579,0.1271
2025,DENVER,FEB,82.137,10.204,0.86,1042.4,0.655,0.1242
2025,DENVER,MAR,82.615,9.95,0.687,1036.4,0.6513,0.1204
2025,DENVER,APR,81.311,10.914,0.819,1044.1,0.6591,0.1342
2025,DENVER,MAY,81.437,10.816,0.782,1042.3,0.6588,0.1328
2025,DENVER,JUN,81.232,11.202,0.698,1044.5,0.6591,0.1379
2025,DENVER,JUL,81.794,10.58,0.774,1042.0,0.6565,0.1293
2025,DENVER,AUG,81.51,10.55,0.961,1045.1,0.6584,0.1294
2025,DENVER,SEP,81.405,10.738,0.937,1047.2,0.6599,0.1319
2025,DENVER,OCT,80.718,11.402,0.807,1046.9,0.6613,0.1413
2025,DENVER,NOV,80.847,10.802,1.131,1051.6,0.6642,0.1336
2025,DENVER,DEC,81.246,11.036,0.843,1047.6,0.6592,0.1358
2025,DENVER,AVG,81.49,10.71,0.86,1044.3,0.6582,0.1314
2025,GRAND JUNCTION,JAN,91.913,6.359,0.664,1068.1,0.6015,0.0692
2025,GRAND JUNCTION,FEB,91.568,6.295,0.636,1062.6,0.605,0.0687
2025,GRAND JUNCTION,MAR,92.139,5.814,0.45,1053.6,0.6014,0.0631
2025,GRAND JUNCTION,APR,93.614,4.846,0.243,1043.7,0.5915,0.0518
2025,GRAND JUNCTION,MAY,92.173,6.275,0.359,1057.3,0.5986,0.0681
2025,GRAND JUNCTION,JUN,90.939,7.195,0.472,1064.6,0.6059,0.0791
2025,GRAND JUNCTION,JUL,90.697,0.416,0.416,1175.9,0.6767,0.0046
2025,GRAND JUNCTION,AUG,91.023,7.213,0.487,1065.4,0.6056,0.0792
2025,GRAND JUNCTION,SEP,91.571,6.687,0.482,1061.3,0.603,0.073
2025,GRAND JUNCTION,OCT,91.207,7.126,0.457,1064.6,0.6043,0.0781
2025,GRAND JUNCTION,NOV,91.745,6.74,0.385,1061.3,0.601,0.0735
2025,GRAND JUNCTION,DEC,91.274,6.98,0.467,1063.2,0.6043,0.0765
2025,GRAND JUNCTION,AVG,91.65,6.0,0.46,1071.6,0.609,0.0655
2025,GREASEWOOD,JAN,95.56,3.74,0.0,1036.0,0.5791,0.0391
2025,GREASEWOOD,FEB,94.891,4.39,0.0,1040.7,0.5823,0.0463
2025,GREASEWOOD,MAR,94.84,4.44,0.0,1041.1,0.5826,0.0468
2025,GREASEWOOD,APR,86.101,8.424,0.0,1023.4,0.6282,0.0978
2025,GREASEWOOD,MAY,95.5,3.642,0.0,1033.6,0.5798,0.0381
2025,GREASEWOOD,JUN,95.78,3.398,0.0,1032.1,0.5782,0.0355
2025,GREASEWOOD,JUL,95.802,3.541,0.0,1034.9,0.5774,0.037
2025,GREASEWOOD,AUG,94.89,4.58,0.0,1044.1,0.5814,0.0483
2025,GREASEWOOD,SEP,93.644,5.84,0.0,1054.0,0.5875,0.0624
2025,GREASEWOOD,OCT,93.743,5.64,0.0,1051.4,0.5874,0.0602
2025,GREASEWOOD,NOV,94.721,4.579,0.0,1042.4,0.583,0.0483
2025,GREASEWOOD,DEC,94.579,4.703,0.0,1043.2,0.5838,0.0497
2025,GREASEWOOD,AVG,94.17,4.74,0.0,1039.1,0.5865,0.0503
2025,MERINO,JAN,91.771,7.441,0.22,1069.6,0.597,0.0811
2025,MERINO,FEB,89.249,7.873,0.752,1071.2,0.6182,0.0882
2025,MERINO,MAR,90.44,7.5,0.59,1070.7,0.6085,0.0829
2025,MERINO,APR,90.552,7.355,0.575,1069.0,0.6079,0.0812
2025,MERINO,MAY,90.875,7.8,0.39,1075.2,0.6049,0.0858
2025,MERINO,JUN,91.147,8.181,0.216,1076.6,0.5996,0.0898
2025,MERINO,JUL,91.759,7.177,0.315,1068.1,0.5986,0.0782
2025,MERINO,AUG,87.957,9.451,0.733,1084.9,0.625,0.1075
2025,MERINO,SEP,88.235,9.114,0.799,1083.8,0.6242,0.1033
2025,MERINO,OCT,87.51,9.564,0.875,1087.0,0.629,0.1093
2025,MERINO,NOV,86.556,10.199,0.953,1091.0,0.6351,0.1178
2025,MERINO,DEC,87.651,9.483,0.772,1082.2,0.6264,0.1082
2025,MERINO,AVG,89.48,8.43,0.6,1076.9,0.6151,0.0942
2025,MOUNTAIN,JAN,83.47,8.87,0.69,1025.9,0.6458,0.1063
2025,MOUNTAIN,FEB,82.834,9.497,0.611,1029.1,0.6498,0.1147
2025,MOUNTAIN,MAR,82.59,9.74,0.69,1033.0,0.651,0.1179
2025,MOUNTAIN,APR,89.783,6.927,0.487,1050.0,0.6118,0.0772
2025,MOUNTAIN,MAY,83.775,8.769,0.54,1024.0,0.6453,0.1047
2025,MOUNTAIN,JUN,85.448,7.328,0.446,1012.0,0.6407,0.0858
2025,MOUNTAIN,JUL,93.545,0.815,0.039,964.5,0.6124,0.0087
2025,MOUNTAIN,AUG,90.42,3.57,0.12,983.9,0.6231,0.0395
2025,MOUNTAIN,SEP,91.757,2.082,0.111,971.3,0.6215,0.0227
2025,MOUNTAIN,OCT,91.288,3.457,0.2,993.6,0.6176,0.0379
2025,MOUNTAIN,NOV,87.247,7.424,0.343,1027.1,0.6268,0.0851
2025,MOUNTAIN,DEC,81.865,10.668,0.395,1031.4,0.6524,0.1303
2025,MOUNTAIN,AVG,87.0,6.6,0.39,1016.2,0.6336,0.0759
2025,NORTHERN,JAN,87.018,9.802,0.771,1081.2,0.6312,0.1126
2025,NORTHERN,FEB,87.746,9.308,0.721,1078.1,0.6267,0.1061
2025,NORTHERN,MAR,88.087,9.183,0.656,1077.7,0.6242,0.1042
2025,NORTHERN,APR,85.819,10.563,0.883,1086.3,0.6388,0.1231
2025,NORTHERN,MAY,85.837,10.7,0.759,1084.1,0.6383,0.1247
2025,NORTHERN,JUN,86.013,10.549,0.776,1084.1,0.6371,0.1226
2025,NORTHERN,JUL,86.167,10.485,0.836,1086.1,0.6358,0.1217
2025,NORTHERN,AUG,85.93,10.668,0.893,1089.5,0.6374,0.1241
2025,NORTHERN,SEP,85.058,11.112,1.052,1093.8,0.6442,0.1306
2025,NORTHERN,OCT,85.285,11.11,0.957,1093.3,0.6424,0.1303
2025,NORTHERN,NOV,86.28,10.412,0.835,1087.2,0.6355,0.1207
2025,NORTHERN,DEC,86.22,10.36,1.014,1090.7,0.6368,0.1202
2025,NORTHERN,AVG,86.28,10.35,0.85,1085.3,0.6349,0.12
2025,PUEBLO,JAN,85.343,6.699,1.462,1025.8,0.6387,0.0785
2025,PUEBLO,FEB,83.071,9.036,0.892,1032.8,0.6498,0.1088
2025,PUEBLO,MAR,80.854,10.912,0.867,1040.9,0.6611,0.135
2025,PUEBLO,APR,80.834,10.559,1.089,1041.8,0.663,0.1306
2025,PUEBLO,MAY,81.058,10.155,1.262,1042.2,0.6634,0.1253
2025,PUEBLO,JUN,79.16,11.684,1.159,1047.8,0.6718,0.1476
2025,PUEBLO,JUL,79.688,11.313,1.123,1046.2,0.6699,0.142
2025,PUEBLO,AUG,78.434,11.43,1.668,1054.1,0.6797,0.1457
2025,PUEBLO,SEP,79.274,11.237,1.367,1049.9,0.6739,0.1417
2025,PUEBLO,OCT,81.808,9.51,1.179,1037.4,0.6588,0.1162
2025,PUEBLO,NOV,86.924,5.739,0.846,1012.0,0.629,0.066
2025,PUEBLO,DEC,84.057,8.589,0.644,1025.1,0.6429,0.1022
2025,PUEBLO,AVG,81.71,9.74,1.13,1035.8,0.6556,0.1192
2025,RIFLE-VAIL,JAN,92.31,5.56,0.632,1059.1,0.6033,0.0602
2025,RIFLE-VAIL,FEB,90.555,6.176,0.991,1065.9,0.618,0.0682
2025,RIFLE-VAIL,MAR,90.442,5.842,1.071,1063.0,0.6212,0.0646
2025,RIFLE-VAIL,APR,95.878,3.204,0.13,1033.1,0.5784,0.0334
2025,RIFLE-VAIL,MAY,95.946,3.246,0.223,1037.6,0.5778,0.0338
2025,RIFLE-VAIL,JUN,93.139,5.792,0.416,1062.3,0.5934,0.0622
2025,RIFLE-VAIL,JUL,93.369,5.9,0.23,1058.9,0.5901,0.0632
2025,RIFLE-VAIL,AUG,92.36,5.984,0.615,1065.2,0.6004,0.0648
2025,RIFLE-VAIL,SEP,94.25,4.622,0.346,1049.0,0.5878,0.049
2025,RIFLE-VAIL,OCT,95.63,3.659,0.171,1040.2,0.5789,0.0383
2025,RIFLE-VAIL,NOV,91.67,5.59,0.74,1056.9,0.6094,0.061
2025,RIFLE-VAIL,DEC,91.645,5.542,0.646,1055.5,0.6103,0.0605
2025,RIFLE-VAIL,AVG,93.1,5.09,0.52,1053.5,0.5988,0.0547
2025,SOUTHERN,JAN,94.074,0.0,0.02,955.3,0.6123,0.0
2025,SOUTHERN,FEB,93.926,0.0,0.02,953.8,0.6136,0.0
2025,SOUTHERN,MAR,93.965,0.0,0.019,954.1,0.6132,0.0
2025,SOUTHERN,APR,93.874,0.0,0.01,952.7,0.614,0.0
2025,SOUTHERN,MAY,93.882,0.0,0.012,952.8,0.614,0.0
2025,SOUTHERN,JUN,94.156,0.0,0.012,955.6,0.6113,0.0
2025,SOUTHERN,JUL,94.04,0.0,0.012,954.4,0.6124,0.0
2025,SOUTHERN,AUG,93.365,0.0,0.034,948.3,0.6191,0.0
2025,SOUTHERN,SEP,93.834,0.0,0.014,952.3,0.6144,0.0
2025,SOUTHERN,OCT,93.826,0.0,0.01,952.2,0.6145,0.0
2025,SOUTHERN,NOV,93.815,0.0,0.01,952.1,0.6146,0.0
2025,SOUTHERN,DEC,93.857,0.0,0.01,952.5,0.6142,0.0
2025,SOUTHERN,AVG,93.88,0.0,0.02,953.0,0.6142,0.0
2025,STERLING,JAN,87.85,8.49,0.92,1071.7,0.6281,0.0966
2025,STERLING,FEB,88.241,8.392,0.894,1072.7,0.6256,0.0951
2025,STERLING,MAR,88.2,8.65,0.75,1074.3,0.6258,0.0981
2025,STERLING,APR,89.511,7.886,0.5159,1065.5,0.6166,0.0881
2025,STERLING,MAY,89.289,7.984,0.6206,1067.5,0.6181,0.0894
2025,STERLING,JUN,88.068,8.679,0.752,1072.3,0.6254,0.0985
2025,STERLING,JUL,94.04,0.0,0.012,954.4,0.6124,0.0
2025,STERLING,AUG,90.262,5.56,0.71,1040.4,0.6122,0.0616
2025,STERLING,SEP,91.405,4.401,0.655,1032.8,0.6068,0.0481
2025,STERLING,OCT,91.994,3.614,0.621,1024.0,0.6028,0.0393
2025,STERLING,NOV,91.703,3.799,0.632,1023.1,0.6036,0.0414
2025,STERLING,DEC,89.309,6.829,0.719,1053.3,0.6181,0.0765
2025,STERLING,AVG,89.99,6.19,0.65,1044.7,0.6163,0.0688
