"time","blh_m"
2024-07-01 00:12:42.046832,2001.63
2024-07-01 00:32:42.297896,151.63
2024-07-01 00:52:42.0796,3701.63
2024-07-01 01:12:42.345701,2051.63
2024-07-01 01:32:42.101977,4551.63
2024-07-01 01:52:42.11809,3851.63
2024-07-01 02:12:42.151049,5051.63
2024-07-01 02:32:42.118228,101.63
2024-07-01 02:52:42.02906,951.63
2024-07-01 03:12:42.321142,101.63
2024-07-01 03:32:42.085505,101.63
2024-07-01 03:52:42.338178,2351.63
2024-07-01 04:12:42.181067,101.63
2024-07-01 04:32:42.09215,2501.63
2024-07-01 04:52:42.090148,2501.63
2024-07-01 05:12:42.325038,2751.63
2024-07-01 05:32:42.076929,101.63
2024-07-01 05:52:42.271033,1001.63
2024-07-01 06:12:42.131573,651.63
2024-07-01 06:32:42.177649,3201.63
2024-07-01 06:52:42.107874,101.63
2024-07-01 07:12:42.175796,101.63
2024-07-01 07:32:42.222747,101.63
2024-07-01 07:52:42.238517,101.63
2024-07-01 08:12:42.249993,101.63
2024-07-01 08:32:42.143706,1351.63
2024-07-01 08:52:42.152828,101.63
2024-07-01 09:12:42.095856,101.63
2024-07-01 09:32:42.337314,851.63
2024-07-01 09:52:42.160157,101.63
2024-07-01 10:12:42.129357,101.63
2024-07-01 10:32:42.112036,101.63
2024-07-01 10:52:42.045056,101.63
2024-07-01 11:12:42.014056,101.63
2024-07-01 11:32:42.294077,101.63
2024-07-01 11:52:42.226052,101.63
2024-07-01 12:12:42.145082,101.63
2024-07-01 12:32:42.129792,101.63
2024-07-01 12:52:42.148539,4051.63
2024-07-01 13:12:42.172256,4601.63
2024-07-01 13:32:42.170364,3551.63
2024-07-01 13:52:42.116279,4701.63
2024-07-01 14:12:42.077061,4351.63
2024-07-01 14:32:42.323739,4501.63
2024-07-01 14:52:42.123809,4001.63
2024-07-01 15:12:42.105472,1251.63
2024-07-01 15:32:42.073123,1251.63
2024-07-01 15:52:42.339355,2351.63
2024-07-01 16:12:42.097191,2501.63
2024-07-01 16:32:42.388558,1101.63
2024-07-01 16:52:42.155838,3801.63
2024-07-01 17:12:42.208019,4051.63
2024-07-01 17:32:42.24454,4201.63
2024-07-01 17:52:42.009125,4001.63
2024-07-01 18:12:42.221001,4651.63
2024-07-01 18:32:42.034942,4601.63
2024-07-01 18:52:29.509028,4551.63
2024-07-01 19:12:42.084004,4801.63
2024-07-01 19:32:42.288015,2951.63
2024-07-01 19:52:42.238024,101.63
2024-07-01 20:12:42.190025,5301.63
2024-07-01 20:32:42.147005,3551.63
2024-07-01 20:52:42.027994,3551.63
2024-07-01 21:12:42.274029,3901.63
2024-07-01 21:32:42.178987,3351.63
2024-07-01 21:52:42.111012,2851.63
2024-07-01 22:12:42.038018,3651.63
2024-07-01 22:32:42.024016,2151.63
2024-07-01 22:52:42.176015,4651.63
2024-07-01 23:12:42.08906,4451.63
2024-07-01 23:32:42.227019,3451.63
2024-07-01 23:52:42.124061,2851.63
2024-07-02 00:12:42.053008,4351.63
2024-07-02 00:32:42.218023,3901.63
2024-07-02 00:52:42.213898,3701.63
2024-07-02 01:12:42.131198,151.63
2024-07-02 01:32:42.032022,2251.63
2024-07-02 01:52:42.227996,301.63
2024-07-02 02:12:42.10105,101.63
2024-07-02 02:32:42.014034,3301.63
2024-07-02 02:52:42.195012,3801.63
2024-07-02 03:12:42.125015,3451.63
2024-07-02 03:32:42.11902,3701.63
2024-07-02 03:52:42.118032,3951.63
2024-07-02 04:12:42.03502,3051.63
2024-07-02 04:32:42.291043,3501.63
2024-07-02 04:52:42.204017,3501.63
2024-07-02 05:12:42.095025,101.63
2024-07-02 05:32:42.291019,3201.63
2024-07-02 05:52:42.003311,2701.63
2024-07-02 06:12:42.189298,3101.63
2024-07-02 06:32:42.154133,2901.63
2024-07-02 06:52:42.081048,3301.63
2024-07-02 07:12:42.26104,3401.63
2024-07-02 07:32:42.184003,551.63
2024-07-02 07:52:42.071007,4451.63
2024-07-02 08:12:42.222061,1251.63
2024-07-02 08:32:42.139029,4901.63
2024-07-02 08:52:42.124031,1901.63
2024-07-02 09:12:42.000031,3301.63
2024-07-02 09:32:42.171021,2751.63
2024-07-02 09:52:42.078041,101.63
2024-07-02 10:12:42.343035,251.63
2024-07-02 10:32:42.108626,2151.63
2024-07-02 10:52:42.0354,101.63
2024-07-02 11:12:42.000195,651.63
2024-07-02 11:32:42.175057,151.63
2024-07-02 11:52:42.100022,101.63
2024-07-02 12:12:42.023044,101.63
2024-07-02 12:32:42.184056,101.63
2024-07-02 12:52:42.08306,101.63
2024-07-02 13:12:42.015065,101.63
2024-07-02 13:32:42.179094,101.63
2024-07-02 13:52:42.188216,3401.63
2024-07-02 14:12:42.165513,3951.63
2024-07-02 14:32:42.118087,3751.63
2024-07-02 14:52:42.035025,2851.63
2024-07-02 15:12:42.191058,2801.63
2024-07-02 15:32:42.182075,3201.63
2024-07-02 15:52:42.132054,1601.63
2024-07-02 16:12:42.082053,2051.63
2024-07-02 16:32:42.007087,2501.63
2024-07-02 16:52:42.143054,2851.63
2024-07-02 17:12:42.15805,2501.63
2024-07-02 17:32:42.180137,2401.63
2024-07-02 17:52:42.163057,2301.63
2024-07-02 18:12:42.086713,351.63
2024-07-02 18:32:42.353055,2351.63
2024-07-02 18:52:42.025054,2301.63
2024-07-02 19:12:42.203074,2301.63
2024-07-02 19:32:42.202389,2351.63
2024-07-02 19:52:42.224023,2401.63
2024-07-02 20:12:42.20809,2351.63
2024-07-02 20:32:42.108039,2551.63
2024-07-02 20:52:41.983074,2651.63
2024-07-02 21:12:42.224069,2651.63
2024-07-02 21:32:42.167651,2851.63
2024-07-02 21:52:42.187103,3001.63
2024-07-02 22:12:42.112077,3101.63
2024-07-02 22:32:42.096063,3101.63
2024-07-02 22:52:42.10605,2951.63
2024-07-02 23:12:41.979103,2951.63
2024-07-02 23:32:42.190054,2751.63
2024-07-02 23:52:42.137036,2801.63
2024-07-03 00:12:42.059083,3051.63
2024-07-03 00:32:42.216072,3201.63
2024-07-03 00:52:42.127105,3301.63
2024-07-03 01:12:42.127798,3251.63
2024-07-03 01:32:42.122828,3601.63
2024-07-03 01:52:42.158051,3851.63
2024-07-03 02:12:42.090066,3801.63
2024-07-03 02:32:42.252164,3451.63
2024-07-03 02:52:42.204044,2401.63
2024-07-03 03:12:42.202042,4201.63
2024-07-03 03:32:42.144095,3901.63
2024-07-03 03:52:42.086148,3701.63
2024-07-03 04:12:42.407056,3051.63
2024-07-03 04:32:42.149231,751.63
2024-07-03 04:52:42.145026,551.63
2024-07-03 05:12:42.080933,501.63
2024-07-03 05:32:42.233898,101.63
2024-07-03 05:52:42.194247,101.63
2024-07-03 06:12:42.184047,101.63
2024-07-03 06:32:42.129138,101.63
2024-07-03 06:52:42.068405,101.63
2024-07-03 07:12:42.303164,101.63
2024-07-03 07:32:42.237352,101.63
2024-07-03 07:52:42.200055,151.63
2024-07-03 08:12:42.183075,101.63
2024-07-03 08:32:42.142097,101.63
2024-07-03 08:52:42.106077,251.63
2024-07-03 09:12:42.041079,101.63
2024-07-03 09:32:42.248158,101.63
2024-07-03 09:52:42.14008,101.63
2024-07-03 10:12:42.072055,101.63
2024-07-03 10:32:42.320152,151.63
2024-07-03 10:52:42.02506,151.63
2024-07-03 11:12:42.219023,101.63
2024-07-03 11:32:42.024716,101.63
2024-07-03 11:52:42.290103,101.63
2024-07-03 12:12:42.02408,351.63
2024-07-03 12:32:42.338059,101.63
2024-07-03 12:52:42.110056,301.63
2024-07-03 13:12:42.139818,101.63
2024-07-03 13:32:42.120444,151.63
2024-07-03 13:52:42.070433,101.63
2024-07-03 14:12:42.005084,251.63
2024-07-03 14:32:42.249056,351.63
2024-07-03 14:52:42.143423,2601.63
2024-07-03 15:12:42.110924,2601.63
2024-07-03 15:32:42.085012,2551.63
2024-07-03 15:52:42.008266,2551.63
2024-07-03 16:12:42.169037,2551.63
2024-07-03 16:25:44.658124,101.63
2024-07-03 17:53:55.665404,2501.63
2024-07-03 17:53:55.665404,2501.63
2024-07-03 18:12:42.092024,2701.63
2024-07-03 18:12:42.092024,2701.63
2024-07-03 18:32:42.026061,2851.63
2024-07-03 18:32:42.026061,2851.63
2024-07-03 18:52:42.18143,2951.63
2024-07-03 19:12:42.194102,2951.63
2024-07-03 19:32:42.160014,2751.63
2024-07-03 19:52:42.024306,2901.63
2024-07-03 20:12:42.228317,2351.63
2024-07-03 20:32:42.165623,2651.63
2024-07-03 20:52:42.131031,2501.63
2024-07-03 21:12:42.129079,1851.63
2024-07-03 21:32:42.126744,2951.63
2024-07-03 21:52:42.087988,1801.63
2024-07-03 22:12:42.291044,3151.63
2024-07-03 22:32:42.046033,3701.63
2024-07-03 22:52:42.222132,3351.63
2024-07-03 23:12:42.125099,3301.63
2024-07-03 23:32:42.140045,3401.63
2024-07-03 23:52:42.109084,3551.63
2024-07-04 00:12:42.048069,3401.63
2024-07-04 00:32:42.305088,3301.63
2024-07-04 00:52:42.008065,3251.63
2024-07-04 01:12:42.212086,3401.63
2024-07-04 01:32:42.247048,3351.63
2024-07-04 01:52:42.291032,3451.63
2024-07-04 02:12:42.204067,3501.63
2024-07-04 02:32:42.148081,3701.63
2024-07-04 02:52:42.173799,3701.63
2024-07-04 03:12:42.080024,3601.63
2024-07-04 03:32:42.259041,3601.63
2024-07-04 03:52:42.20903,101.63
2024-07-04 04:12:42.159049,101.63
2024-07-04 04:32:42.173451,3701.63
2024-07-04 04:52:42.267043,3801.63
2024-07-04 05:12:42.024013,3751.63
2024-07-04 05:32:42.256027,3801.63
2024-07-04 05:52:42.174573,1901.63
2024-07-04 06:12:42.197032,2101.63
2024-07-04 06:32:42.182115,2051.63
2024-07-04 06:52:42.136027,1851.63
2024-07-04 07:12:42.021049,1001.63
2024-07-04 07:32:42.163001,901.63
2024-07-04 07:52:42.149069,851.63
2024-07-04 08:12:42.160032,1001.63
2024-07-04 08:32:42.14103,101.63
2024-07-04 08:52:42.09804,101.63
2024-07-04 09:12:42.066003,101.63
2024-07-04 09:32:42.337204,101.63
2024-07-04 09:52:42.065257,101.63
2024-07-04 10:12:42.326942,101.63
2024-07-04 10:32:42.015979,101.63
2024-07-04 10:52:42.249219,451.63
2024-07-04 11:12:42.218068,351.63
2024-07-04 11:32:42.204247,401.63
2024-07-04 11:52:42.149066,101.63
2024-07-04 12:12:42.109385,101.63
2024-07-04 12:32:42.160017,301.63
2024-07-04 12:52:42.063124,101.63
2024-07-04 13:12:42.251998,151.63
2024-07-04 13:32:42.037021,251.63
2024-07-04 13:52:42.190047,251.63
2024-07-04 14:12:42.209086,601.63
2024-07-04 14:32:42.174082,651.63
2024-07-04 14:52:42.225086,2551.63
2024-07-04 15:12:42.25006,951.63
2024-07-04 15:32:42.024009,751.63
2024-07-04 15:52:42.212017,2651.63
2024-07-04 16:12:42.086026,2751.63
2024-07-04 16:32:42.21803,2701.63
2024-07-04 16:52:42.110013,2751.63
2024-07-04 17:12:42.110032,2651.63
2024-07-04 17:32:42.051119,2601.63
2024-07-04 17:52:42.26203,2601.63
2024-07-04 18:12:42.128033,2451.63
2024-07-04 18:32:42.049024,2551.63
2024-07-04 18:52:42.234025,2601.63
2024-07-04 19:12:42.186015,2751.63
2024-07-04 19:32:42.181136,2651.63
2024-07-04 19:52:42.155064,2701.63
2024-07-04 20:12:42.158593,2601.63
2024-07-04 20:32:42.160553,2601.63
2024-07-04 20:52:42.166265,2651.63
2024-07-04 21:12:42.180436,2801.63
2024-07-04 21:32:42.148239,2801.63
2024-07-04 21:52:42.159161,3101.63
2024-07-04 22:12:42.118806,3201.63
2024-07-04 22:32:42.146817,3301.63
2024-07-04 22:52:42.12854,2851.63
2024-07-04 23:12:42.103675,3001.63
2024-07-04 23:32:42.07017,1251.63
2024-07-04 23:52:42.307554,2951.63
2024-07-05 00:12:42.083867,3051.63
2024-07-05 00:32:42.336479,2951.63
2024-07-05 00:52:42.07106,701.63
2024-07-05 01:12:42.332021,651.63
2024-07-05 01:32:42.084486,551.63
2024-07-05 01:52:42.105064,151.63
2024-07-05 02:12:42.148022,401.63
2024-07-05 02:32:42.086062,101.63
2024-07-05 02:52:42.109084,1001.63
2024-07-05 03:12:42.085054,901.63
2024-07-05 03:32:42.101075,101.63
2024-07-05 03:52:42.070708,2951.63
2024-07-05 04:12:42.098197,3001.63
2024-07-05 04:32:42.317024,101.63
2024-07-05 04:52:42.083218,101.63
2024-07-05 05:12:42.26327,101.63
2024-07-05 05:32:42.073921,201.63
2024-07-05 05:52:29.531904,101.63
2024-07-05 06:12:42.101006,101.63
2024-07-05 06:32:42.042164,101.63
2024-07-05 06:52:42.203005,101.63
2024-07-05 07:12:42.127003,101.63
2024-07-05 07:32:42.092221,251.63
2024-07-05 07:52:42.233056,201.63
2024-07-05 08:12:42.153011,401.63
2024-07-05 08:32:42.119023,401.63
2024-07-05 08:52:42.04101,401.63
2024-07-05 09:12:42.221022,451.63
2024-07-05 09:32:42.179399,1301.63
2024-07-05 09:52:42.091992,1701.63
2024-07-05 10:12:42.25404,901.63
2024-07-05 10:32:42.221017,1001.63
2024-07-05 10:52:42.127001,951.63
2024-07-05 11:12:42.043034,901.63
2024-07-05 11:32:42.010001,1151.63
2024-07-05 11:52:42.203632,401.63
2024-07-05 12:12:42.115007,451.63
2024-07-05 12:32:42.030004,301.63
2024-07-05 12:52:42.222015,201.63
2024-07-05 13:12:42.121009,151.63
2024-07-05 13:32:42.106021,351.63
2024-07-05 13:52:42.060174,501.63
2024-07-05 14:12:42.218018,751.63
2024-07-05 14:32:42.128005,801.63
2024-07-05 14:52:42.066055,751.63
2024-07-05 15:12:42.00501,901.63
2024-07-05 15:32:42.131019,1001.63
2024-07-05 15:52:42.077025,1251.63
2024-07-05 16:12:42.007008,1351.63
2024-07-05 16:32:42.226036,1451.63
2024-07-05 16:52:42.161018,2401.63
2024-07-05 17:12:42.077,2351.63
2024-07-05 17:32:42.197025,2551.63
2024-07-05 17:52:42.105011,2351.63
2024-07-05 18:12:42.038967,2551.63
2024-07-05 18:32:42.20202,2351.63
2024-07-05 18:52:42.144023,2701.63
2024-07-05 19:12:42.065014,2801.63
2024-07-05 19:32:42.21806,2651.63
2024-07-05 19:52:42.238014,2601.63
2024-07-05 20:12:42.148012,2701.63
2024-07-05 20:32:42.111057,2751.63
2024-07-05 20:52:42.047065,2851.63
2024-07-05 21:12:42.240042,3051.63
2024-07-05 21:32:42.193008,3151.63
2024-07-05 21:52:42.108015,4651.63
2024-07-05 22:12:42.019681,4701.63
2024-07-05 22:32:42.173321,4801.63
2024-07-05 22:52:42.133036,4801.63
2024-07-05 23:12:42.091032,4751.63
2024-07-05 23:32:42.123036,1401.63
2024-07-05 23:52:42.017041,4801.63
2024-07-06 00:12:42.186059,4751.63
2024-07-06 00:32:42.083805,1151.63
2024-07-06 00:52:42.318434,851.63
2024-07-06 01:12:42.039034,101.63
2024-07-06 01:32:42.264046,851.63
2024-07-06 01:52:42.202036,101.63
2024-07-06 02:12:42.07004,201.63
2024-07-06 02:32:42.227059,101.63
2024-07-06 02:52:42.214032,101.63
2024-07-06 03:12:42.092819,101.63
2024-07-06 03:32:42.237043,101.63
2024-07-06 03:52:42.239336,1301.63
2024-07-06 04:12:42.182756,1001.63
2024-07-06 04:32:42.122034,801.63
2024-07-06 04:52:42.052147,101.63
2024-07-06 05:12:42.236102,1051.63
2024-07-06 05:32:42.19105,101.63
2024-07-06 05:52:42.076022,851.63
2024-07-06 06:12:42.229058,1201.63
2024-07-06 06:32:42.129058,101.63
2024-07-06 06:52:42.032044,701.63
2024-07-06 07:12:42.18504,1001.63
2024-07-06 07:32:42.108052,3051.63
2024-07-06 07:52:42.00606,2801.63
2024-07-06 08:12:42.168038,3051.63
2024-07-06 08:32:42.086042,3151.63
2024-07-06 08:52:42.015069,2951.63
2024-07-06 09:12:42.166053,101.63
2024-07-06 09:32:42.140051,3151.63
2024-07-06 09:52:42.061032,3101.63
2024-07-06 10:12:42.230041,2751.63
2024-07-06 10:32:42.18184,2851.63
2024-07-06 10:52:42.13378,2751.63
2024-07-06 11:12:42.07702,2851.63
2024-07-06 11:32:42.07201,3051.63
2024-07-06 11:52:42.285054,2651.63
2024-07-06 12:12:42.167049,3051.63
2024-07-06 12:32:42.080044,2601.63
2024-07-06 12:52:42.272045,2801.63
2024-07-06 13:12:42.165064,2751.63
2024-07-06 13:32:42.064038,2801.63
2024-07-06 13:52:42.231044,2401.63
2024-07-06 14:12:42.130028,2601.63
2024-07-06 14:32:42.140397,2601.63
2024-07-06 14:52:42.178084,2501.63
2024-07-06 15:12:42.140052,251.63
2024-07-06 15:32:42.129007,2551.63
2024-07-06 15:52:42.10903,451.63
2024-07-06 16:12:42.079086,2651.63
2024-07-06 16:32:42.049362,2751.63
2024-07-06 16:52:42.27005,2801.63
2024-07-06 17:12:42.222051,2751.63
2024-07-06 17:32:42.10308,2701.63
2024-07-06 17:52:42.042036,2551.63
2024-07-06 18:12:42.235053,2751.63
2024-07-06 18:32:42.162019,2551.63
2024-07-06 18:52:42.14005,2151.63
2024-07-06 19:12:42.046034,2751.63
2024-07-06 19:32:42.274497,2751.63
2024-07-06 19:52:42.031739,2101.63
2024-07-06 20:12:42.209931,2601.63
2024-07-06 20:32:42.145325,2601.63
2024-07-08 15:37:25.58099,301.63
2024-07-08 15:52:42.00362,701.63
2024-07-08 15:52:42.00362,701.63
2024-07-08 16:12:42.211181,751.63
2024-07-08 16:12:42.211181,751.63
2024-07-08 16:32:42.195016,1101.63
2024-07-08 16:32:42.195016,1101.63
2024-07-08 16:52:42.129023,1351.63
2024-07-08 16:52:42.129023,1351.63
2024-07-08 17:12:42.044361,1201.63
2024-07-08 17:12:42.044361,1201.63
2024-07-08 17:32:42.068037,1151.63
2024-07-08 17:32:42.068037,1151.63
2024-07-08 17:52:42.268025,1201.63
2024-07-08 17:52:42.268025,1201.63
2024-07-08 18:12:42.217028,2301.63
2024-07-08 18:12:42.217028,2301.63
2024-07-08 18:32:42.162039,1201.63
2024-07-08 18:32:42.162039,1201.63
2024-07-08 18:52:42.069019,1601.63
2024-07-08 18:52:42.069019,1601.63
2024-07-08 19:12:42.015055,2401.63
2024-07-08 19:12:42.015055,2401.63
2024-07-08 19:32:42.233057,2401.63
2024-07-08 19:32:42.233057,2401.63
2024-07-08 19:52:42.197037,2401.63
2024-07-08 19:52:42.197037,2401.63
2024-07-08 20:12:42.100024,2501.63
2024-07-08 20:12:42.100024,2501.63
2024-07-08 20:32:42.034091,2501.63
2024-07-08 20:32:42.034091,2501.63
2024-07-08 20:52:42.196008,2451.63
2024-07-08 20:52:42.196008,2451.63
2024-07-08 21:12:42.149035,2551.63
2024-07-08 21:12:42.149035,2551.63
2024-07-08 21:32:42.058056,2651.63
2024-07-08 21:32:42.058056,2651.63
2024-07-08 21:52:42.03301,2651.63
2024-07-08 21:52:42.03301,2651.63
2024-07-08 22:12:42.210014,2951.63
2024-07-08 22:12:42.210014,2951.63
2024-07-08 22:32:42.132031,2951.63
2024-07-08 22:32:42.132031,2951.63
2024-07-08 22:52:42.046022,2451.63
2024-07-08 22:52:42.046022,2451.63
2024-07-08 23:12:42.24607,2951.63
2024-07-08 23:12:42.24607,2951.63
2024-07-08 23:32:42.140024,2951.63
2024-07-08 23:32:42.140024,2951.63
2024-07-08 23:52:42.103049,1851.63
2024-07-08 23:52:42.103049,1851.63
2024-07-09 00:12:42.028023,1751.63
2024-07-09 00:32:42.009817,1201.63
2024-07-09 00:52:42.212027,1351.63
2024-07-09 01:12:42.091035,1351.63
2024-07-09 01:32:42.215043,551.63
2024-07-09 01:52:42.207015,101.63
2024-07-09 02:12:42.232029,101.63
2024-07-09 02:32:42.171054,101.63
2024-07-09 02:52:42.08601,101.63
2024-07-09 03:12:42.236642,101.63
2024-07-09 03:32:42.196066,101.63
2024-07-09 03:52:41.999999,101.63
2024-07-09 04:12:42.212137,101.63
2024-07-09 04:32:42.145027,101.63
2024-07-09 04:52:42.097118,201.63
2024-07-09 05:12:42.279393,101.63
2024-07-09 05:32:42.186413,101.63
2024-07-09 05:52:42.149005,401.63
2024-07-09 06:12:42.152072,251.63
2024-07-09 06:32:42.159041,301.63
2024-07-09 06:52:42.133029,201.63
2024-07-09 07:12:42.105026,NA
2024-07-09 07:32:42.003658,101.63
2024-07-09 07:52:42.1941,101.63
2024-07-09 08:12:42.162154,301.63
2024-07-09 08:32:42.092077,101.63
2024-07-09 08:52:42.106056,551.63
2024-07-09 09:12:42.066044,101.63
2024-07-09 09:32:42.239035,851.63
2024-07-09 09:52:42.163054,101.63
2024-07-09 10:12:42.162016,101.63
2024-07-09 10:32:42.135049,101.63
2024-07-09 10:52:42.039032,101.63
2024-07-09 11:12:42.223047,201.63
2024-07-09 11:32:42.21004,201.63
2024-07-09 11:52:42.239047,251.63
2024-07-09 12:12:42.202303,251.63
2024-07-09 12:32:42.165338,101.63
2024-07-09 12:52:42.12279,201.63
2024-07-09 13:12:42.045632,101.63
2024-07-09 13:32:42.031006,101.63
2024-07-09 13:52:42.288034,101.63
2024-07-09 14:12:42.239039,101.63
2024-07-09 14:32:42.147025,101.63
2024-07-09 14:52:42.152003,101.63
2024-07-09 15:12:42.095031,101.63
2024-07-09 15:32:42.280022,151.63
2024-07-09 15:52:42.228,301.63
2024-07-09 16:12:42.134024,451.63
2024-07-09 16:32:42.138036,651.63
2024-07-09 16:52:42.081628,851.63
2024-07-09 17:12:42.289019,1001.63
2024-07-09 17:32:42.050053,2651.63
2024-07-09 17:52:42.259033,3001.63
2024-07-09 18:12:42.011025,2801.63
2024-07-09 18:32:42.172006,2801.63
2024-07-09 18:52:42.117037,4751.63
2024-07-09 19:12:42.046024,5401.63
2024-07-09 19:32:42.186014,3201.63
2024-07-09 19:52:42.223038,3401.63
2024-07-09 20:12:42.128006,5451.63
2024-07-09 20:32:42.051019,4551.63
2024-07-09 20:52:42.037026,4351.63
2024-07-09 21:12:42.191018,4451.63
2024-07-09 21:32:42.146006,5001.63
2024-07-09 21:52:42.068043,4801.63
2024-07-09 22:12:42.255106,4951.63
2024-07-09 22:32:42.240731,3901.63
2024-07-09 22:52:42.197802,4601.63
2024-07-09 23:12:42.054007,6501.63
2024-07-09 23:32:42.245033,4401.63
2024-07-09 23:52:42.125016,951.63
2024-07-10 00:12:42.027038,4001.63
2024-07-10 00:32:42.151558,4401.63
2024-07-10 00:52:42.116343,1101.63
2024-07-10 01:12:42.081822,2101.63
2024-07-10 01:32:42.303586,101.63
2024-07-10 01:52:42.238316,101.63
2024-07-10 02:12:42.228025,2701.63
2024-07-10 02:32:42.009025,401.63
2024-07-10 02:52:42.230015,751.63
2024-07-10 03:12:42.185063,651.63
2024-07-10 03:32:42.110047,751.63
2024-07-10 03:52:42.11407,1451.63
2024-07-10 04:12:42.18504,551.63
2024-07-10 04:32:42.071078,301.63
2024-07-10 04:52:42.248787,301.63
2024-07-10 05:12:42.22712,451.63
2024-07-10 05:32:42.224011,551.63
2024-07-10 05:52:42.21201,651.63
2024-07-10 06:12:42.16904,851.63
2024-07-10 06:32:42.118024,NA
2024-07-10 06:52:42.080042,101.63
2024-07-10 07:12:42.244052,101.63
2024-07-10 07:32:42.262025,101.63
2024-07-10 07:52:42.154028,101.63
2024-07-10 08:12:42.113009,101.63
2024-07-10 08:32:42.000023,101.63
2024-07-10 08:52:42.171023,101.63
2024-07-10 09:12:42.132026,101.63
2024-07-10 09:32:42.052031,151.63
2024-07-10 09:52:42.231007,NA
2024-07-10 10:12:42.17123,101.63
2024-07-10 10:32:42.186024,401.63
2024-07-10 10:52:42.233036,101.63
2024-07-10 11:12:42.23401,101.63
2024-07-10 11:32:42.207455,151.63
2024-07-10 11:52:42.185014,401.63
2024-07-10 12:12:42.226564,101.63
2024-07-10 12:32:42.168084,301.63
2024-07-10 12:52:42.215236,151.63
2024-07-10 13:12:42.179638,101.63
2024-07-10 13:32:42.168151,101.63
2024-07-10 13:52:42.137009,451.63
2024-07-10 14:12:42.12704,101.63
2024-07-10 14:32:42.091021,151.63
2024-07-10 14:52:42.005051,101.63
2024-07-10 15:12:42.208066,251.63
2024-07-10 15:32:42.004043,351.63
2024-07-10 15:52:42.177014,401.63
2024-07-10 16:12:42.149192,401.63
2024-07-10 16:32:42.171027,451.63
2024-07-10 16:52:42.106503,601.63
2024-07-10 17:12:42.103715,601.63
2024-07-10 17:32:42.075551,901.63
2024-07-10 17:52:42.076405,1301.63
2024-07-10 18:12:42.331019,1701.63
2024-07-10 18:32:42.232034,1951.63
2024-07-10 18:52:42.154021,1801.63
2024-07-10 19:12:42.115024,2151.63
2024-07-10 19:32:42.076017,2001.63
2024-07-10 19:52:42.340016,2351.63
2024-07-10 20:12:42.237018,2851.63
2024-07-10 20:32:42.138023,3051.63
2024-07-10 20:52:42.113027,2301.63
2024-07-10 21:12:42.101036,1901.63
2024-07-10 21:32:42.156024,3451.63
2024-07-10 21:52:42.159513,3451.63
2024-07-10 22:12:42.124901,3251.63
2024-07-10 22:32:42.089475,3451.63
2024-07-10 22:52:42.313271,3551.63
2024-07-10 23:12:42.0941,251.63
2024-07-10 23:32:42.454698,1201.63
2024-07-10 23:52:42.166014,2051.63
2024-07-11 00:12:42.158026,4501.63
2024-07-11 00:32:42.077046,4201.63
2024-07-11 00:52:42.37301,3201.63
2024-07-11 01:12:42.00902,2801.63
2024-07-11 01:32:42.208002,3001.63
2024-07-11 01:52:42.228047,751.63
2024-07-11 02:12:42.163009,1551.63
2024-07-11 02:32:42.205071,1201.63
2024-07-11 02:52:42.277017,701.63
2024-07-11 03:12:42.191973,1351.63
2024-07-11 03:32:42.077056,1051.63
2024-07-11 03:52:42.262027,351.63
2024-07-11 04:12:42.198035,301.63
2024-07-11 04:32:42.11804,451.63
2024-07-11 04:52:42.084022,1651.63
2024-07-11 05:12:42.062003,1301.63
2024-07-11 05:32:42.403994,351.63
2024-07-11 05:52:42.142608,101.63
2024-07-11 06:12:42.138041,101.63
2024-07-11 06:32:42.153016,251.63
2024-07-11 06:52:42.113979,151.63
2024-07-11 07:12:42.019018,151.63
2024-07-11 07:32:42.209048,201.63
2024-07-11 07:52:42.063302,151.63
2024-07-11 08:12:42.257195,301.63
2024-07-11 08:32:41.998545,301.63
2024-07-11 08:52:42.230598,251.63
2024-07-11 09:12:42.186763,201.63
2024-07-11 09:32:42.15187,201.63
2024-07-11 09:52:42.145019,251.63
2024-07-11 10:12:42.072015,201.63
2024-07-11 10:32:42.100046,101.63
2024-07-11 10:52:42.074024,351.63
2024-07-11 11:12:42.228035,601.63
2024-07-11 11:32:42.154046,501.63
2024-07-11 11:52:42.090014,101.63
2024-07-11 12:12:42.065048,101.63
2024-07-11 12:32:42.035033,101.63
2024-07-11 12:52:42.218012,101.63
2024-07-11 13:12:42.162026,101.63
2024-07-11 13:32:42.091014,101.63
2024-07-11 13:52:42.272062,101.63
2024-07-11 14:12:42.218752,101.63
2024-07-11 14:32:42.193082,151.63
2024-07-11 14:52:42.105021,151.63
2024-07-11 15:12:42.071133,201.63
2024-07-11 15:32:42.259051,351.63
2024-07-11 15:52:42.011033,401.63
2024-07-11 16:12:42.214038,351.63
2024-07-11 16:32:42.085069,401.63
2024-07-11 16:52:42.032474,651.63
2024-07-11 17:12:42.338888,801.63
2024-07-11 17:32:42.060544,901.63
2024-07-11 17:52:42.27917,901.63
2024-07-11 18:12:42.200332,1001.63
2024-07-11 18:32:42.243068,951.63
2024-07-11 18:52:42.239084,1451.63
2024-07-11 19:12:42.276258,3451.63
2024-07-11 19:32:42.247581,2801.63
2024-07-11 19:52:42.211189,3601.63
2024-07-11 20:12:42.193938,5351.63
2024-07-11 20:32:42.22376,3451.63
2024-07-11 20:52:42.243091,3501.63
2024-07-11 21:12:42.183011,5301.63
2024-07-11 21:32:42.146046,5651.63
2024-07-11 21:52:42.146055,5301.63
2024-07-11 22:12:42.057501,3151.63
2024-07-11 22:32:42.04547,2551.63
2024-07-11 22:52:42.315876,3801.63
2024-07-11 23:12:42.100456,4051.63
2024-07-11 23:32:42.162032,4901.63
2024-07-11 23:52:42.116004,951.63
2024-07-12 00:12:42.083002,101.63
2024-07-12 00:32:42.048008,101.63
2024-07-12 00:52:42.255006,4001.63
2024-07-12 01:12:42.172437,2751.63
2024-07-12 01:32:42.160134,2351.63
2024-07-12 01:52:42.210998,101.63
2024-07-12 02:12:42.133015,201.63
2024-07-12 02:32:42.05472,2301.63
2024-07-12 02:52:42.017061,101.63
2024-07-12 03:12:42.184027,101.63
2024-07-12 03:32:42.100029,101.63
2024-07-12 03:52:42.047011,101.63
2024-07-12 04:12:42.241024,101.63
2024-07-12 04:32:42.232675,1751.63
2024-07-12 04:52:42.293164,601.63
2024-07-12 05:12:42.017556,601.63
2024-07-12 05:32:42.29978,101.63
2024-07-12 05:52:42.05485,401.63
2024-07-12 06:12:42.245252,301.63
2024-07-12 06:32:42.20204,351.63
2024-07-12 06:52:42.172378,351.63
2024-07-12 07:12:42.170143,451.63
2024-07-12 07:32:42.213091,501.63
2024-07-12 07:52:42.164338,601.63
2024-07-12 08:12:42.188014,751.63
2024-07-12 08:32:42.127613,1551.63
2024-07-12 08:52:42.119987,2701.63
2024-07-12 09:12:42.151589,101.63
2024-07-12 09:32:42.22102,101.63
2024-07-12 09:52:42.235051,1551.63
2024-07-12 10:12:42.18505,101.63
2024-07-12 10:32:42.225996,101.63
2024-07-12 10:52:42.262567,101.63
2024-07-12 11:12:42.004631,101.63
2024-07-12 11:32:42.251601,901.63
2024-07-12 11:52:42.022593,851.63
2024-07-12 12:12:42.346086,801.63
2024-07-12 12:32:42.120035,651.63
2024-07-12 12:52:42.017047,1301.63
2024-07-12 13:12:42.061031,1601.63
2024-07-12 13:32:42.303445,2201.63
2024-07-12 13:52:42.107086,2951.63
2024-07-12 14:12:42.059077,3201.63
2024-07-12 14:32:42.049953,3151.63
2024-07-12 14:52:42.301509,3051.63
2024-07-12 15:12:42.029934,2701.63
2024-07-12 15:32:42.249908,2701.63
2024-07-12 15:52:42.246648,2951.63
2024-07-12 16:12:42.301816,2701.63
2024-07-12 16:32:42.029356,2951.63
2024-07-12 16:52:42.265031,2801.63
2024-07-12 17:12:42.0183,2851.63
2024-07-12 17:32:42.210151,2751.63
2024-07-12 17:52:42.011187,2801.63
2024-07-12 18:12:42.260068,2351.63
2024-07-12 18:32:42.015067,2751.63
2024-07-12 18:52:42.177055,3101.63
2024-07-12 19:12:42.052492,2951.63
2024-07-12 19:32:42.057077,3551.63
2024-07-12 19:52:42.276135,3351.63
2024-07-12 20:12:42.004983,3751.63
2024-07-12 20:32:42.260875,3551.63
2024-07-12 20:52:42.033828,5501.63
2024-07-12 21:12:42.225146,3701.63
2024-07-12 21:32:42.007372,4151.63
2024-07-12 21:52:42.289516,4101.63
2024-07-12 22:12:42.077446,6051.63
2024-07-12 22:32:42.325472,4301.63
2024-07-12 22:52:42.231718,5801.63
2024-07-12 23:12:42.187028,2351.63
2024-07-12 23:32:42.123026,2201.63
2024-07-12 23:52:42.194318,5701.63
2024-07-13 00:12:42.104074,5351.63
2024-07-13 00:32:42.189055,5951.63
2024-07-13 00:52:42.043923,101.63
2024-07-13 01:12:42.310778,151.63
2024-07-13 01:32:42.062086,301.63
2024-07-13 01:52:42.356018,101.63
2024-07-13 02:12:42.235056,101.63
2024-07-13 02:32:42.321194,101.63
2024-07-13 02:52:42.071456,101.63
2024-07-13 03:12:42.344155,101.63
2024-07-13 03:32:42.025578,101.63
2024-07-13 03:52:42.298076,251.63
2024-07-13 04:12:42.069037,651.63
2024-07-13 04:32:42.302389,701.63
2024-07-13 04:52:42.112779,1601.63
2024-07-13 05:12:42.069799,4001.63
2024-07-13 05:32:42.098564,101.63
2024-07-13 05:52:42.059104,2051.63
2024-07-13 06:12:42.091421,4151.63
2024-07-13 06:32:42.34007,4351.63
2024-07-13 06:52:42.106264,3351.63
2024-07-13 07:12:42.086117,4251.63
2024-07-13 07:32:42.10073,1101.63
2024-07-13 07:52:42.100236,851.63
2024-07-13 08:12:42.086556,1301.63
2024-07-13 08:32:42.341291,501.63
2024-07-13 08:52:42.19128,551.63
2024-07-13 09:12:42.229028,101.63
2024-07-13 09:32:42.330082,1651.63
2024-07-13 09:52:42.190674,101.63
2024-07-13 10:12:42.191105,101.63
2024-07-13 10:32:42.192039,101.63
2024-07-13 10:52:42.031417,101.63
2024-07-13 11:12:42.289401,1751.63
2024-07-13 11:32:42.042187,1851.63
2024-07-13 11:52:42.298522,101.63
2024-07-13 12:12:42.187035,2001.63
2024-07-13 12:32:42.137134,2901.63
2024-07-13 12:52:42.143229,2551.63
2024-07-13 13:12:42.178985,2701.63
2024-07-13 13:32:42.225081,101.63
2024-07-13 13:52:42.225502,101.63
2024-07-13 14:12:42.059157,151.63
2024-07-13 14:32:42.265381,1951.63
2024-07-13 14:52:42.002346,301.63
2024-07-13 15:12:42.212794,101.63
2024-07-13 15:32:42.099577,401.63
2024-07-13 15:52:42.427385,301.63
2024-07-13 16:12:42.102733,351.63
2024-07-13 16:32:42.175875,351.63
2024-07-13 16:52:42.263391,351.63
2024-07-13 17:12:42.068461,451.63
2024-07-13 17:32:42.348432,601.63
2024-07-13 17:52:42.108631,251.63
2024-07-13 18:12:42.136039,801.63
2024-07-13 18:32:42.098028,851.63
2024-07-13 18:52:42.083362,301.63
2024-07-13 19:12:42.089094,1251.63
2024-07-13 19:32:42.333207,1151.63
2024-07-13 19:52:42.167023,1151.63
2024-07-13 20:12:42.077735,1251.63
2024-07-13 20:32:42.073056,1501.63
2024-07-13 20:52:42.333706,3651.63
2024-07-13 21:12:42.057082,2101.63
2024-07-13 21:32:42.279047,851.63
2024-07-13 21:52:42.219058,1501.63
2024-07-13 22:12:42.199152,1901.63
2024-07-13 22:32:42.183751,1251.63
2024-07-13 22:52:42.172062,1751.63
2024-07-13 23:12:42.169848,3751.63
2024-07-13 23:32:42.278275,2051.63
2024-07-13 23:52:41.992207,2851.63
2024-07-14 00:12:42.241571,101.63
2024-07-14 00:32:42.22786,3601.63
2024-07-14 00:52:42.24708,101.63
2024-07-14 01:12:42.057772,201.63
2024-07-14 01:32:42.286245,351.63
2024-07-14 01:52:42.036537,801.63
2024-07-14 02:12:42.319868,1001.63
2024-07-14 02:32:42.170873,801.63
2024-07-14 02:52:42.164022,101.63
2024-07-14 03:12:42.184721,1401.63
2024-07-14 03:32:42.066042,2551.63
2024-07-14 03:52:42.303075,3201.63
2024-07-14 04:12:42.043047,3051.63
2024-07-14 04:32:42.320664,5401.63
2024-07-14 04:52:42.116168,4751.63
2024-07-14 05:12:42.10445,1351.63
2024-07-14 05:32:42.145174,4551.63
2024-07-14 05:52:29.565781,101.63
2024-07-14 06:12:42.079009,4751.63
2024-07-14 06:32:42.276019,1601.63
2024-07-14 06:52:42.183009,2451.63
2024-07-14 07:12:42.153004,851.63
2024-07-14 07:32:42.137322,601.63
2024-07-14 07:52:42.077002,751.63
2024-07-14 08:12:42.228025,601.63
2024-07-14 08:32:42.181002,451.63
2024-07-14 08:52:42.084009,101.63
2024-07-14 09:12:42.230014,451.63
2024-07-14 09:32:42.159011,401.63
2024-07-14 09:52:42.092937,301.63
2024-07-14 10:12:42.272104,1851.63
2024-07-14 10:32:42.178048,1651.63
2024-07-14 10:52:42.115052,1351.63
2024-07-14 11:12:42.033026,1251.63
2024-07-14 11:32:42.09603,1051.63
2024-07-14 11:52:42.373878,1051.63
2024-07-14 12:12:42.058027,851.63
2024-07-14 12:32:42.237013,601.63
2024-07-14 12:52:42.158034,501.63
2024-07-14 13:12:42.110347,2651.63
2024-07-14 13:32:42.039032,3951.63
2024-07-14 13:52:42.191042,3301.63
2024-07-14 14:12:42.156038,1501.63
2024-07-14 14:32:42.081193,701.63
2024-07-14 14:52:42.218066,651.63
2024-07-14 15:12:42.106025,1751.63
2024-07-14 15:32:42.073053,901.63
2024-07-14 15:52:42.008045,251.63
2024-07-14 16:12:42.170968,251.63
2024-07-14 16:32:42.154039,3601.63
2024-07-14 16:52:42.05604,5451.63
2024-07-14 17:12:42.247046,2901.63
2024-07-14 17:32:42.166015,3601.63
2024-07-14 17:52:42.132047,4701.63
2024-07-14 18:12:42.102002,3651.63
2024-07-14 18:32:42.015992,3751.63
2024-07-14 18:52:42.211011,5501.63
2024-07-14 19:12:42.134044,4851.63
2024-07-14 19:32:42.02303,5601.63
2024-07-14 19:52:42.202046,5451.63
2024-07-14 20:12:42.15803,5751.63
2024-07-14 20:32:42.101038,5651.63
2024-07-14 20:52:42.076586,5651.63
2024-07-14 21:12:42.045032,5651.63
2024-07-14 21:32:42.285031,5351.63
2024-07-14 21:52:42.196035,1851.63
2024-07-14 22:12:42.080081,5501.63
2024-07-14 22:32:42.344855,5551.63
2024-07-14 22:52:42.09229,4551.63
2024-07-14 23:12:42.2616,4801.63
2024-07-14 23:32:42.222985,5451.63
2024-07-14 23:52:42.143071,1851.63
2024-07-15 00:12:42.119041,2101.63
2024-07-15 00:32:42.142053,2351.63
2024-07-15 00:52:42.066092,1501.63
2024-07-15 01:12:42.242452,4201.63
2024-07-15 01:32:42.168694,451.63
2024-07-15 01:52:42.216057,401.63
2024-07-15 02:12:42.184031,101.63
2024-07-15 02:32:42.142056,101.63
2024-07-15 02:52:42.066045,101.63
2024-07-15 03:12:42.236049,101.63
2024-07-15 03:32:42.230817,251.63
2024-07-15 03:52:42.19522,1051.63
2024-07-15 04:12:42.175122,101.63
2024-07-15 04:32:42.164047,101.63
2024-07-15 04:52:42.142058,5201.63
2024-07-15 05:12:42.062044,5601.63
2024-07-15 05:32:42.250022,5301.63
2024-07-15 05:52:42.015039,3751.63
2024-07-15 06:12:42.233051,1851.63
2024-07-15 06:32:42.191097,501.63
2024-07-15 06:52:42.15208,1651.63
2024-07-15 07:12:42.076048,101.63
2024-07-15 07:32:42.072044,351.63
2024-07-15 07:52:42.234072,501.63
2024-07-15 08:12:42.143053,401.63
2024-07-15 08:32:42.097045,201.63
2024-07-15 08:52:42.325066,351.63
2024-07-15 09:12:42.054728,4651.63
2024-07-15 09:32:42.285082,2401.63
2024-07-15 09:52:42.000049,2501.63
2024-07-15 10:12:42.186025,2701.63
2024-07-15 10:32:42.120042,5401.63
2024-07-15 10:52:42.038076,3751.63
2024-07-15 11:12:42.24607,4751.63
2024-07-15 11:32:42.032763,5601.63
2024-07-15 11:52:42.399054,4651.63
2024-07-15 12:12:42.061095,101.63
2024-07-15 12:32:42.267158,3851.63
2024-07-15 12:52:42.04504,3101.63
2024-07-15 13:12:42.223694,2651.63
2024-07-15 13:32:42.206091,1751.63
2024-07-15 13:52:42.183036,1201.63
2024-07-15 14:12:42.213069,851.63
2024-07-15 14:32:42.149077,2951.63
2024-07-15 14:52:42.187076,3001.63
2024-07-15 15:12:42.183032,3201.63
2024-07-15 15:32:42.181039,3151.63
2024-07-15 15:52:42.095029,3201.63
2024-07-15 16:12:42.057058,2951.63
2024-07-15 16:32:42.003034,3501.63
2024-07-15 16:52:42.18205,3751.63
2024-07-15 17:12:42.144039,3451.63
2024-07-15 17:32:42.098081,2851.63
2024-07-15 17:52:42.084894,4101.63
2024-07-15 18:12:42.090596,4151.63
2024-07-15 18:32:42.251235,4351.63
2024-07-15 18:52:42.006094,1001.63
2024-07-15 19:12:42.157037,4851.63
2024-07-15 19:32:42.124035,4351.63
2024-07-15 19:52:42.030049,4251.63
2024-07-15 20:12:42.16502,4601.63
2024-07-15 20:32:42.246049,4701.63
2024-07-15 20:52:42.201087,5151.63
2024-07-15 21:12:42.176051,7101.63
2024-07-15 21:32:42.130084,1051.63
2024-07-15 21:52:42.134176,1051.63
2024-07-15 22:12:42.086287,701.63
2024-07-15 22:32:42.354068,4951.63
2024-07-15 22:52:42.102077,5901.63
2024-07-15 23:12:42.017033,5001.63
2024-07-15 23:32:42.011037,1851.63
2024-07-15 23:52:42.213087,3001.63
2024-07-16 00:12:42.075106,3401.63
2024-07-16 00:32:42.285464,4201.63
2024-07-16 00:52:42.051376,2751.63
2024-07-16 01:12:42.278049,3351.63
2024-07-16 01:32:42.240067,3501.63
2024-07-16 01:52:42.230058,4401.63
2024-07-16 02:12:42.20806,4151.63
2024-07-16 02:32:42.238032,3651.63
2024-07-16 02:52:42.158068,4701.63
2024-07-16 03:12:42.196137,101.63
2024-07-16 03:32:42.211938,101.63
2024-07-16 03:52:42.167037,251.63
2024-07-16 04:12:42.148086,101.63
2024-07-16 04:32:42.072104,101.63
2024-07-16 04:52:42.269064,101.63
2024-07-16 05:12:42.185107,101.63
2024-07-16 05:32:42.127079,101.63
2024-07-16 05:52:42.069032,101.63
2024-07-16 06:12:42.191048,601.63
2024-07-16 06:32:42.177086,101.63
2024-07-16 06:52:42.174037,101.63
2024-07-16 07:12:42.112037,101.63
2024-07-16 07:32:42.044072,101.63
2024-07-16 07:52:42.186053,151.63
2024-07-16 08:12:42.103091,101.63
2024-07-16 08:32:41.998052,201.63
2024-07-16 08:52:42.1671,101.63
2024-07-16 09:12:42.072038,4001.63
2024-07-16 09:32:42.215066,101.63
2024-07-16 09:52:42.212148,101.63
2024-07-16 10:12:42.253064,4901.63
2024-07-16 10:32:42.235722,4951.63
2024-07-16 10:52:42.212607,5201.63
2024-07-16 11:12:42.196523,4601.63
2024-07-16 11:32:42.145074,101.63
2024-07-16 11:52:42.163077,101.63
2024-07-16 12:12:42.154114,101.63
2024-07-16 12:32:42.06217,201.63
2024-07-16 12:52:42.038471,101.63
2024-07-16 13:12:42.264762,101.63
2024-07-16 13:32:42.215435,101.63
2024-07-16 13:52:42.178429,101.63
2024-07-16 14:12:42.159508,101.63
2024-07-16 14:32:42.145667,151.63
2024-07-16 14:52:42.191109,401.63
2024-07-16 15:12:42.273073,251.63
2024-07-16 15:32:42.204153,351.63
2024-07-16 15:52:42.135433,451.63
2024-07-16 16:12:42.082123,2551.63
2024-07-16 16:32:42.135099,601.63
2024-07-16 16:52:42.098073,2201.63
2024-07-16 17:12:42.043094,951.63
2024-07-16 17:32:42.242066,3251.63
2024-07-16 17:52:42.185074,3951.63
2024-07-16 18:12:42.120067,3351.63
2024-07-16 18:32:42.035133,3101.63
2024-07-16 18:52:42.227095,3451.63
2024-07-16 19:12:42.189063,3151.63
2024-07-16 19:32:42.197088,5101.63
2024-07-16 19:52:42.124084,351.63
2024-07-16 20:12:42.043215,401.63
2024-07-16 20:32:42.050204,3751.63
2024-07-16 20:52:42.245293,3551.63
2024-07-16 21:12:42.244085,4351.63
2024-07-16 21:32:42.227025,1251.63
2024-07-16 21:52:42.149776,5201.63
2024-07-16 22:12:42.043248,101.63
2024-07-16 22:32:42.246344,5801.63
2024-07-16 22:52:42.195196,1701.63
2024-07-16 23:12:42.243093,1751.63
2024-07-16 23:32:42.198111,1401.63
2024-07-16 23:52:42.227088,3551.63
2024-07-17 00:12:42.012141,1951.63
2024-07-17 00:32:42.217198,101.63
2024-07-17 00:52:42.002071,101.63
2024-07-17 01:12:42.188148,101.63
2024-07-17 01:32:42.178118,101.63
2024-07-17 01:52:42.171087,101.63
2024-07-17 02:12:42.048395,101.63
2024-07-17 02:32:42.092087,901.63
2024-07-17 02:52:42.163047,1901.63
2024-07-17 03:12:42.103058,4651.63
2024-07-17 03:32:42.032166,2551.63
2024-07-17 03:52:42.239366,1051.63
2024-07-17 04:12:42.197733,1251.63
2024-07-17 04:32:42.094293,1001.63
2024-07-17 04:52:42.045911,601.63
2024-07-17 05:12:42.2547,551.63
2024-07-17 05:32:42.186071,451.63
2024-07-17 05:52:42.190395,401.63
2024-07-17 06:12:42.206105,501.63
2024-07-17 06:32:42.165066,451.63
2024-07-17 06:52:42.079167,501.63
2024-07-17 07:12:42.207108,101.63
2024-07-17 07:32:42.194101,101.63
2024-07-17 07:52:42.044091,851.63
2024-07-17 08:12:42.192369,701.63
2024-07-17 08:32:42.176073,551.63
2024-07-17 08:52:42.09804,101.63
2024-07-17 09:12:42.068276,101.63
2024-07-17 09:32:42.10019,1001.63
2024-07-17 09:52:42.028101,1051.63
2024-07-17 10:12:42.226188,101.63
2024-07-17 10:32:42.232061,101.63
2024-07-17 10:52:42.014761,201.63
2024-07-17 11:12:42.197116,401.63
2024-07-17 11:32:42.114245,101.63
2024-07-17 11:52:42.054186,101.63
2024-07-17 12:12:42.269372,101.63
2024-07-17 12:32:42.193089,101.63
2024-07-17 12:52:42.225133,101.63
2024-07-17 13:12:42.152059,101.63
2024-07-17 13:32:42.065104,101.63
2024-07-17 13:52:42.257115,401.63
2024-07-17 14:12:42.224465,401.63
2024-07-17 14:32:42.14611,501.63
2024-07-17 14:52:42.071074,351.63
2024-07-17 15:12:42.007142,751.63
2024-07-17 15:32:42.185112,851.63
2024-07-17 15:52:42.086057,801.63
2024-07-17 16:12:42.07815,751.63
2024-07-17 16:32:42.23006,851.63
2024-07-17 16:52:42.136104,901.63
2024-07-17 17:12:42.053082,951.63
2024-07-17 17:32:42.256701,951.63
2024-07-17 17:52:42.238172,1201.63
2024-07-17 18:12:42.225457,1351.63
2024-07-17 18:32:42.191228,1051.63
2024-07-17 18:52:42.261051,1151.63
2024-07-17 19:12:42.178089,951.63
2024-07-17 19:32:42.21108,4051.63
2024-07-17 19:52:42.158142,4051.63
2024-07-17 20:12:42.047137,101.63
2024-07-17 20:32:42.303069,101.63
2024-07-17 20:52:42.019052,151.63
2024-07-17 21:12:42.235053,2951.63
2024-07-17 21:32:42.1691,2801.63
2024-07-17 21:52:42.09508,1351.63
2024-07-17 22:12:42.257087,1601.63
2024-07-17 22:32:42.21811,2101.63
2024-07-17 22:52:42.117074,1651.63
2024-07-17 23:12:42.026136,1501.63
2024-07-17 23:32:42.186876,4601.63
2024-07-17 23:52:42.128889,1151.63
2024-07-18 00:12:42.126242,5101.63
2024-07-18 00:32:42.071826,1651.63
2024-07-18 00:52:42.332918,5201.63
2024-07-18 01:12:42.048458,1051.63
2024-07-18 01:32:42.272063,3851.63
2024-07-18 01:52:42.043065,1751.63
2024-07-18 02:12:42.25814,951.63
2024-07-18 02:32:42.197145,1951.63
2024-07-18 02:52:42.185044,751.63
2024-07-18 03:12:42.18109,351.63
2024-07-18 03:32:42.1001,101.63
2024-07-18 03:52:42.099656,101.63
2024-07-18 04:12:42.063848,751.63
2024-07-18 04:32:42.306231,901.63
2024-07-18 04:52:42.061733,951.63
2024-07-18 05:12:42.294098,601.63
2024-07-18 05:32:42.067705,751.63
2024-07-18 05:52:42.302404,101.63
2024-07-18 06:12:42.124281,101.63
2024-07-18 06:32:42.097686,101.63
2024-07-18 06:52:42.032105,101.63
2024-07-18 07:12:42.195148,101.63
2024-07-18 07:32:42.194554,101.63
2024-07-18 07:52:42.179023,NA
2024-07-18 08:12:42.1581,NA
2024-07-18 08:32:42.173026,101.63
2024-07-18 08:52:42.206116,101.63
2024-07-18 09:12:42.247103,101.63
2024-07-18 09:32:42.074713,101.63
2024-07-18 09:52:42.308838,101.63
2024-07-18 10:12:42.001064,351.63
2024-07-18 10:32:42.285169,101.63
2024-07-18 10:52:42.009068,NA
2024-07-18 11:12:42.233035,101.63
2024-07-18 11:32:42.028086,101.63
2024-07-18 11:52:42.226042,101.63
2024-07-18 12:12:42.145051,101.63
2024-07-18 12:32:42.101075,NA
2024-07-18 12:52:42.115025,NA
2024-07-18 13:12:42.086479,101.63
2024-07-18 13:32:42.320383,101.63
2024-07-18 13:52:42.08882,101.63
2024-07-18 14:12:42.338596,101.63
2024-07-18 14:32:42.087651,101.63
2024-07-18 14:52:42.278878,301.63
2024-07-18 15:12:42.234278,301.63
2024-07-18 15:32:42.206074,551.63
2024-07-18 15:52:42.177708,401.63
2024-07-18 16:12:42.150339,351.63
2024-07-18 16:32:42.145329,351.63
2024-07-18 16:52:42.184223,351.63
2024-07-18 17:12:42.13045,451.63
2024-07-18 17:32:42.166236,601.63
2024-07-18 17:52:42.229693,401.63
2024-07-18 18:12:42.194206,5401.63
2024-07-18 18:32:42.192928,5001.63
2024-07-18 18:52:42.208266,301.63
2024-07-18 19:12:42.231066,601.63
2024-07-18 19:32:42.176026,4151.63
2024-07-18 19:52:42.085119,4651.63
2024-07-18 20:12:42.220079,101.63
2024-07-18 20:32:42.201058,2401.63
2024-07-18 20:52:42.142065,3551.63
2024-07-18 21:12:41.995032,101.63
2024-07-18 21:32:42.218043,101.63
2024-07-18 21:52:42.210408,101.63
2024-07-18 22:12:42.240129,5651.63
2024-07-18 22:32:42.213111,501.63
2024-07-18 22:52:42.142048,701.63
2024-07-18 23:12:42.124023,1601.63
2024-07-18 23:32:42.029705,3051.63
2024-07-18 23:52:42.27917,3301.63
2024-07-19 00:12:42.213076,1951.63
2024-07-19 00:32:42.166062,1001.63
2024-07-19 00:52:42.088039,101.63
2024-07-19 01:12:42.22307,101.63
2024-07-19 01:32:42.243075,251.63
2024-07-19 01:52:42.226126,1401.63
2024-07-19 02:12:42.159146,101.63
2024-07-19 02:32:42.094219,101.63
2024-07-19 02:52:42.107082,101.63
2024-07-19 03:12:42.168045,101.63
2024-07-19 03:32:42.192103,101.63
2024-07-19 03:52:42.170979,101.63
2024-07-19 04:12:42.191226,101.63
2024-07-19 04:32:42.181056,101.63
2024-07-19 04:52:42.136064,NA
2024-07-19 05:12:42.043064,101.63
2024-07-19 05:32:42.090105,101.63
2024-07-19 05:52:42.36213,301.63
2024-07-19 06:12:42.249084,501.63
2024-07-19 06:32:42.134851,501.63
2024-07-19 06:52:42.094929,701.63
2024-07-19 07:12:42.07638,1051.63
2024-07-19 07:32:42.288126,101.63
2024-07-19 07:52:42.001061,101.63
2024-07-19 08:12:42.117123,1701.63
2024-07-19 08:32:42.195023,2101.63
2024-07-19 08:52:42.100152,751.63
2024-07-19 09:12:42.093603,101.63
2024-07-19 09:32:42.064162,201.63
2024-07-19 09:52:42.26945,101.63
2024-07-19 10:12:42.249785,101.63
2024-07-19 10:32:42.207036,101.63
2024-07-19 10:52:42.151332,101.63
2024-07-19 11:12:42.195175,101.63
2024-07-19 11:32:42.24805,101.63
2024-07-19 11:52:42.250081,101.63
2024-07-19 12:12:42.235043,101.63
2024-07-19 12:32:42.168104,301.63
2024-07-19 12:52:42.248096,101.63
2024-07-19 13:12:42.230141,101.63
2024-07-19 13:32:42.101092,351.63
2024-07-19 13:52:42.035511,101.63
2024-07-19 14:12:42.294128,101.63
2024-07-19 14:32:42.026124,101.63
2024-07-19 14:52:42.187056,4401.63
2024-07-19 15:12:42.130095,2151.63
2024-07-19 15:32:42.063045,201.63
2024-07-19 15:52:42.241066,3351.63
2024-07-19 16:12:42.01602,351.63
2024-07-19 16:32:42.305125,151.63
2024-07-19 16:52:42.228077,501.63
2024-07-19 17:12:42.175169,4051.63
2024-07-19 17:32:42.154327,4351.63
2024-07-19 17:52:42.088082,4051.63
2024-07-19 18:12:42.339096,4751.63
2024-07-19 18:32:42.247092,4251.63
2024-07-19 18:52:42.141116,3501.63
2024-07-19 19:12:42.136066,4601.63
2024-07-19 19:32:42.086156,4701.63
2024-07-19 19:52:42.393184,101.63
2024-07-19 20:12:42.047137,101.63
2024-07-19 20:32:42.086152,351.63
2024-07-19 20:52:42.107183,3851.63
2024-07-19 21:12:42.102656,2051.63
2024-07-19 21:32:42.188039,3301.63
2024-07-19 21:52:42.146135,1101.63
2024-07-19 22:12:42.142433,2551.63
2024-07-19 22:32:42.128823,2201.63
2024-07-19 22:52:42.117033,3551.63
2024-07-19 23:12:42.079173,2101.63
2024-07-19 23:32:42.140226,5851.63
2024-07-19 23:52:42.058692,4601.63
2024-07-20 00:12:42.085104,4501.63
2024-07-20 00:32:42.355469,2101.63
2024-07-20 00:52:42.193631,2201.63
2024-07-20 01:12:42.165315,1551.63
2024-07-20 01:32:42.171923,4401.63
2024-07-20 01:52:42.200577,4101.63
2024-07-20 02:12:42.178157,701.63
2024-07-20 02:32:42.174303,4151.63
2024-07-20 02:52:42.192055,901.63
2024-07-20 03:12:42.160099,351.63
2024-07-20 03:32:42.202191,801.63
2024-07-20 03:52:42.008065,251.63
2024-07-20 04:12:42.18507,101.63
2024-07-20 04:32:42.171198,751.63
2024-07-20 04:52:42.192048,2701.63
2024-07-20 05:12:42.090096,201.63
2024-07-20 05:32:42.06506,4301.63
2024-07-20 05:52:42.318095,2601.63
2024-07-20 06:12:42.081091,1251.63
2024-07-20 06:32:42.44176,101.63
2024-07-20 06:52:42.295551,101.63
2024-07-20 07:12:42.058215,101.63
2024-07-20 07:32:42.341445,701.63
2024-07-20 07:52:42.099622,151.63
2024-07-20 08:12:42.112184,101.63
2024-07-20 08:32:42.067353,101.63
2024-07-20 08:52:42.220097,101.63
2024-07-20 09:12:42.228656,101.63
2024-07-20 09:32:42.152594,NA
2024-07-20 09:52:42.173484,101.63
2024-07-20 10:12:42.167166,NA
2024-07-20 10:32:42.149905,651.63
2024-07-20 10:52:42.178097,101.63
2024-07-20 11:12:42.008594,101.63
2024-07-20 11:32:42.233295,101.63
2024-07-20 11:52:42.19287,101.63
2024-07-20 12:12:42.171726,101.63
2024-07-20 12:32:41.98966,101.63
2024-07-20 12:52:42.194134,101.63
2024-07-20 13:12:42.188188,101.63
2024-07-20 13:32:42.215294,101.63
2024-07-20 13:52:42.226739,101.63
2024-07-20 14:12:42.244612,1051.63
2024-07-20 14:32:42.165361,801.63
2024-07-20 14:52:42.174765,151.63
2024-07-20 15:12:42.209736,301.63
2024-07-20 15:32:42.189045,451.63
2024-07-20 15:52:42.243127,601.63
2024-07-20 16:12:42.244766,1251.63
2024-07-20 16:32:42.02477,1451.63
2024-07-20 16:52:42.303856,1151.63
2024-07-20 17:12:42.001664,1451.63
2024-07-20 17:32:42.258773,1451.63
2024-07-20 17:52:42.14803,1701.63
2024-07-20 18:12:42.128123,1751.63
2024-07-20 18:32:42.116102,1701.63
2024-07-20 18:52:42.025114,1701.63
2024-07-20 19:12:42.039587,2251.63
2024-07-20 19:32:42.238639,3201.63
2024-07-20 19:52:42.0181,3901.63
2024-07-20 20:12:42.223791,1601.63
2024-07-20 20:32:42.123811,3951.63
2024-07-20 20:52:42.120259,3951.63
2024-07-20 21:12:42.169161,4151.63
2024-07-20 21:32:42.278141,2551.63
2024-07-20 21:52:42.162068,2351.63
2024-07-20 22:12:42.249554,2651.63
2024-07-20 22:32:42.050559,2651.63
2024-07-20 22:52:42.332301,2151.63
2024-07-20 23:12:42.098324,2851.63
2024-07-20 23:32:42.316749,2351.63
2024-07-20 23:52:42.033406,2201.63
2024-07-21 00:12:42.257523,4051.63
2024-07-21 00:32:42.085385,2301.63
2024-07-21 00:52:42.396194,3001.63
2024-07-21 01:12:42.176289,501.63
2024-07-21 01:32:42.139736,3001.63
2024-07-21 01:52:42.147671,1851.63
2024-07-21 02:12:42.14429,1651.63
2024-07-21 02:32:42.182853,2401.63
2024-07-21 02:52:42.003623,2251.63
2024-07-21 03:12:42.348571,3851.63
2024-07-21 03:32:42.144135,3251.63
2024-07-21 03:52:42.099143,3401.63
2024-07-21 04:12:42.050339,501.63
2024-07-21 04:32:42.387492,1051.63
2024-07-21 04:52:42.177816,2001.63
2024-07-21 05:12:42.016771,1751.63
2024-07-21 05:32:42.179594,2051.63
2024-07-21 05:52:42.238967,1201.63
2024-07-21 06:12:42.295936,101.63
2024-07-21 06:32:42.244054,951.63
2024-07-21 06:52:42.267499,1101.63
2024-07-21 07:12:42.093861,901.63
2024-07-21 07:32:42.363181,101.63
2024-07-21 07:52:42.186023,101.63
2024-07-21 08:12:42.121488,1101.63
2024-07-21 08:32:42.2031,501.63
2024-07-21 08:52:42.187086,101.63
2024-07-21 09:12:42.30016,101.63
2024-07-21 09:32:42.2469,101.63
2024-07-21 09:52:42.269621,101.63
2024-07-21 10:12:42.057983,101.63
2024-07-21 10:32:42.329677,101.63
2024-07-21 10:52:42.157085,101.63
2024-07-21 11:12:42.171226,101.63
2024-07-21 11:32:42.174152,101.63
2024-07-21 11:52:42.117221,101.63
2024-07-21 12:12:42.099095,101.63
2024-07-21 12:32:42.38142,101.63
2024-07-21 12:52:42.096015,101.63
2024-07-21 13:12:42.144937,101.63
2024-07-21 13:32:42.217024,101.63
2024-07-21 13:52:42.021138,NA
2024-07-21 14:12:42.226326,101.63
2024-07-21 14:32:42.248805,101.63
2024-07-21 14:52:42.296369,101.63
2024-07-21 15:12:42.031232,501.63
2024-07-21 15:32:42.469762,451.63
2024-07-21 15:52:42.141076,901.63
2024-07-21 16:12:42.047956,551.63
2024-07-21 16:32:42.056021,701.63
2024-07-21 16:52:42.386676,701.63
2024-07-21 17:12:42.148203,601.63
2024-07-21 17:32:42.149067,4901.63
2024-07-21 17:52:42.179019,1251.63
2024-07-21 18:12:42.168145,2251.63
2024-07-21 18:32:42.207261,2601.63
2024-07-21 18:52:42.188793,451.63
2024-07-21 19:12:42.192825,951.63
2024-07-21 19:32:42.024418,351.63
2024-07-21 19:52:42.318169,551.63
2024-07-21 20:12:42.047791,501.63
2024-07-21 20:32:42.303522,501.63
2024-07-21 20:52:42.109356,301.63
2024-07-21 21:12:42.057735,1001.63
2024-07-21 21:32:42.068869,301.63
2024-07-21 21:52:42.327627,801.63
2024-07-21 22:12:42.090562,701.63
2024-07-21 22:32:42.382925,801.63
2024-07-21 22:52:42.183056,201.63
2024-07-21 23:12:42.193616,1451.63
2024-07-21 23:32:42.167101,1601.63
2024-07-21 23:52:42.23964,1201.63
2024-07-22 00:12:42.226182,401.63
2024-07-22 00:32:29.650499,801.63
2024-07-22 00:52:42.112993,1801.63
2024-07-22 01:12:42.04702,1901.63
2024-07-22 01:32:42.002008,101.63
2024-07-22 01:52:42.182121,3051.63
2024-07-22 02:12:42.137129,3401.63
2024-07-22 02:32:42.049017,3401.63
2024-07-22 02:52:42.24304,3151.63
2024-07-22 03:12:42.161989,2851.63
2024-07-22 03:32:42.130003,301.63
2024-07-22 03:52:42.087003,201.63
2024-07-22 04:12:42.069882,101.63
2024-07-22 04:32:42.307005,101.63
2024-07-22 04:52:41.994031,101.63
2024-07-22 05:12:42.13901,101.63
2024-07-22 05:32:42.066036,101.63
2024-07-22 05:52:42.244016,4001.63
2024-07-22 06:12:42.242979,1151.63
2024-07-22 06:32:42.202071,101.63
2024-07-22 06:52:42.127015,101.63
2024-07-22 07:12:42.098418,101.63
2024-07-22 07:32:42.016029,101.63
2024-07-22 07:52:42.187039,NA
2024-07-22 08:12:42.091032,101.63
2024-07-22 08:32:42.095426,101.63
2024-07-22 08:52:42.298019,101.63
2024-07-22 09:12:42.001017,101.63
2024-07-22 09:32:42.210017,NA
2024-07-22 09:52:42.143017,NA
2024-07-22 10:12:42.144042,NA
2024-07-22 10:32:42.128752,101.63
2024-07-22 10:52:42.093034,NA
2024-07-22 11:12:42.32202,351.63
2024-07-22 11:32:42.083014,NA
2024-07-22 11:52:42.366073,101.63
2024-07-22 12:12:42.080809,201.63
2024-07-22 12:32:42.317057,101.63
2024-07-22 12:52:42.024018,NA
2024-07-22 13:12:42.187051,NA
2024-07-22 13:32:42.131056,NA
2024-07-22 13:52:42.029033,101.63
2024-07-22 14:12:42.235066,NA
2024-07-22 14:32:42.183024,NA
2024-07-22 14:52:42.09802,NA
2024-07-22 15:12:42.022038,NA
2024-07-22 15:32:42.004023,301.63
2024-07-22 15:52:42.312067,451.63
2024-07-22 16:12:42.132053,501.63
2024-07-22 16:32:42.106061,601.63
2024-07-22 16:52:42.03872,751.63
2024-07-22 17:12:42.28053,951.63
2024-07-22 17:32:42.226013,901.63
2024-07-22 17:52:42.203028,1551.63
2024-07-22 18:12:42.098039,1801.63
2024-07-22 18:32:42.125024,1651.63
2024-07-22 18:52:42.076421,1701.63
2024-07-22 19:12:42.226128,2001.63
2024-07-22 19:32:42.192069,3951.63
2024-07-22 19:52:42.139031,3401.63
2024-07-22 20:12:42.151019,2851.63
2024-07-22 20:32:42.083075,2951.63
2024-07-22 20:52:42.069585,3051.63
2024-07-22 21:12:42.358096,3051.63
2024-07-22 21:32:42.089036,3101.63
2024-07-22 21:52:42.26608,2651.63
2024-07-22 22:12:42.16614,1901.63
2024-07-22 22:32:42.147048,2051.63
2024-07-22 22:52:42.115052,2551.63
2024-07-22 23:12:42.034051,2201.63
2024-07-22 23:32:42.405402,5051.63
2024-07-22 23:52:42.113077,3651.63
2024-07-23 00:12:42.079089,2401.63
2024-07-23 00:32:42.018577,2951.63
2024-07-23 00:52:42.201275,101.63
2024-07-23 01:12:42.134125,901.63
2024-07-23 01:32:42.107167,701.63
2024-07-23 01:52:42.050045,951.63
2024-07-23 02:12:42.200043,101.63
2024-07-23 02:32:42.158049,501.63
2024-07-23 02:52:42.128064,551.63
2024-07-23 03:12:42.034269,251.63
2024-07-23 03:32:42.346015,951.63
2024-07-23 03:52:42.082094,301.63
2024-07-23 04:12:42.251082,301.63
2024-07-23 04:32:42.248878,251.63
2024-07-23 04:52:42.24593,301.63
2024-07-23 05:12:42.006079,501.63
2024-07-23 05:32:42.27902,451.63
2024-07-23 05:52:42.231131,451.63
2024-07-23 06:12:42.23806,301.63
2024-07-23 06:32:42.171031,301.63
2024-07-23 06:52:42.211735,501.63
2024-07-23 07:12:42.201867,201.63
2024-07-23 07:32:42.201252,251.63
2024-07-23 07:52:42.185369,101.63
2024-07-23 08:12:42.186505,101.63
2024-07-23 08:32:42.137299,101.63
2024-07-23 08:52:42.085176,NA
2024-07-23 09:12:42.33807,NA
2024-07-23 09:32:42.051096,101.63
2024-07-23 09:52:42.308074,NA
2024-07-23 10:12:42.037756,NA
2024-07-23 10:32:42.261039,NA
2024-07-23 10:52:42.036044,101.63
2024-07-23 11:12:42.269033,101.63
2024-07-23 11:32:42.107798,NA
2024-07-23 11:52:42.057123,101.63
2024-07-23 12:12:42.028627,NA
2024-07-23 12:32:42.237747,NA
2024-07-23 12:52:42.175546,101.63
2024-07-23 13:12:42.142051,101.63
2024-07-23 13:32:42.109048,NA
2024-07-23 13:52:42.061089,101.63
2024-07-23 14:12:42.309045,251.63
2024-07-23 14:32:42.22214,NA
2024-07-23 14:52:42.176082,101.63
2024-07-23 15:12:42.133062,NA
2024-07-23 15:32:42.046026,101.63
2024-07-23 15:52:42.205017,NA
2024-07-23 16:12:42.191065,151.63
2024-07-23 16:32:42.128038,551.63
2024-07-23 16:52:42.149009,851.63
2024-07-23 17:12:42.176024,1351.63
2024-07-23 17:32:42.249117,1751.63
2024-07-23 17:52:42.160069,1951.63
2024-07-23 18:12:42.184037,1801.63
2024-07-23 18:32:42.185032,2751.63
2024-07-23 18:52:42.059101,2651.63
2024-07-23 19:12:42.233038,2901.63
2024-07-23 19:32:42.220021,3251.63
2024-07-23 19:52:42.200014,3351.63
2024-07-23 20:12:42.237561,2501.63
2024-07-23 20:32:42.282792,2851.63
2024-07-23 20:52:42.239067,3601.63
2024-07-23 21:12:42.229028,1501.63
2024-07-23 21:32:42.173032,3701.63
2024-07-23 21:52:42.11408,3551.63
2024-07-23 22:12:42.065075,3251.63
2024-07-23 22:32:42.104985,3601.63
2024-07-23 22:52:42.133801,451.63
2024-07-23 23:12:42.130178,2051.63
2024-07-23 23:32:42.059136,2551.63
2024-07-23 23:52:42.041955,1651.63
2024-07-24 00:12:42.275065,1901.63
2024-07-24 00:32:42.024019,101.63
2024-07-24 00:52:42.17109,101.63
2024-07-24 01:12:42.083521,101.63
2024-07-24 01:32:42.015054,101.63
2024-07-24 01:52:42.248023,101.63
2024-07-24 02:12:42.166097,101.63
2024-07-24 02:32:42.049017,101.63
2024-07-24 02:52:42.308057,151.63
2024-07-24 03:12:42.027058,101.63
2024-07-24 03:32:42.199053,301.63
2024-07-24 03:52:42.197051,251.63
2024-07-24 04:12:42.138078,351.63
2024-07-24 04:32:42.185874,251.63
2024-07-24 04:52:42.173038,351.63
2024-07-24 05:12:42.143053,401.63
2024-07-24 05:32:42.067052,401.63
2024-07-24 05:52:42.232016,401.63
2024-07-24 06:12:42.139087,401.63
2024-07-24 06:32:42.047143,451.63
2024-07-24 06:52:42.330081,401.63
2024-07-24 07:12:42.008034,401.63
2024-07-24 07:32:42.221047,401.63
2024-07-24 07:52:42.151091,401.63
2024-07-24 08:12:42.081024,101.63
2024-07-24 08:32:42.382047,101.63
2024-07-24 08:52:42.060915,301.63
2024-07-24 09:12:42.35881,251.63
2024-07-24 09:32:42.131592,351.63
2024-07-24 09:52:42.156113,451.63
2024-07-24 10:12:42.105097,351.63
2024-07-24 10:32:42.039073,101.63
2024-07-24 10:52:42.03703,NA
2024-07-24 11:12:42.190025,151.63
2024-07-24 11:32:42.103091,101.63
2024-07-24 11:52:42.242065,101.63
2024-07-24 12:12:42.192094,151.63
2024-07-24 12:32:42.178051,101.63
2024-07-24 12:52:42.151064,101.63
2024-07-24 13:12:42.081057,101.63
2024-07-24 13:32:42.019067,NA
2024-07-24 13:52:42.307075,101.63
2024-07-24 14:12:42.213089,101.63
2024-07-24 14:32:42.224041,NA
2024-07-24 14:52:42.178044,NA
2024-07-24 15:12:42.104044,101.63
2024-07-24 15:32:42.172077,151.63
2024-07-24 15:52:42.018516,251.63
2024-07-24 16:12:42.222125,451.63
2024-07-24 16:32:42.232101,551.63
2024-07-24 16:52:42.178067,451.63
2024-07-24 17:12:42.080038,451.63
2024-07-24 17:32:42.244067,951.63
2024-07-24 17:52:42.180196,701.63
2024-07-24 18:12:42.142004,1401.63
2024-07-24 18:32:42.07601,1451.63
2024-07-24 18:52:42.32806,2851.63
2024-07-24 19:12:42.243076,3351.63
2024-07-24 19:32:42.16109,2151.63
2024-07-24 19:52:42.064056,2151.63
2024-07-24 20:12:42.228035,2351.63
2024-07-24 20:32:42.180036,2201.63
2024-07-24 20:52:42.135045,2451.63
2024-07-24 21:12:42.042044,2401.63
2024-07-24 21:32:42.296035,3401.63
2024-07-24 21:52:42.111967,3551.63
2024-07-24 22:12:42.076531,3251.63
2024-07-24 22:32:42.050348,2601.63
2024-07-24 22:52:42.321076,651.63
2024-07-24 23:12:42.207084,2451.63
2024-07-24 23:32:42.113058,1201.63
2024-07-24 23:52:42.185054,1101.63
2024-07-25 00:12:42.114102,701.63
2024-07-25 00:32:42.10365,101.63
2024-07-25 00:52:42.03816,601.63
2024-07-25 01:12:42.313494,101.63
2024-07-25 01:32:42.012086,101.63
2024-07-25 01:52:42.257045,101.63
2024-07-25 02:12:42.079193,751.63
2024-07-25 02:32:42.270058,601.63
2024-07-25 02:52:42.02905,301.63
2024-07-25 03:12:42.250201,301.63
2024-07-25 03:32:42.002695,401.63
2024-07-25 03:52:42.22974,401.63
2024-07-25 04:12:42.188158,101.63
2024-07-25 04:32:42.186075,451.63
2024-07-25 04:52:42.121177,651.63
2024-07-25 05:12:42.10112,301.63
2024-07-25 05:32:42.089099,201.63
2024-07-25 05:52:42.050072,351.63
2024-07-25 06:12:42.210068,251.63
2024-07-25 06:32:42.233593,301.63
2024-07-25 06:52:42.236579,301.63
2024-07-25 07:12:42.217548,501.63
2024-07-25 07:32:42.195439,401.63
2024-07-25 07:52:42.160807,351.63
2024-07-25 08:12:42.158422,551.63
2024-07-25 08:32:42.160211,451.63
2024-07-25 08:52:42.163067,101.63
2024-07-25 09:12:42.123074,101.63
2024-07-25 09:32:42.132095,101.63
2024-07-25 09:52:42.069099,101.63
2024-07-25 10:12:42.024148,101.63
2024-07-25 10:32:42.050076,101.63
2024-07-25 10:52:42.053063,101.63
2024-07-25 11:12:42.310051,NA
2024-07-25 11:32:42.231052,101.63
2024-07-25 11:52:42.156529,NA
2024-07-25 12:12:42.109063,101.63
2024-07-25 12:32:42.145221,NA
2024-07-25 12:52:42.220225,NA
2024-07-25 13:12:42.19882,1051.63
2024-07-25 13:32:42.172526,NA
2024-07-25 13:52:42.151131,NA
2024-07-25 14:12:42.184101,NA
2024-07-25 14:32:42.174937,101.63
2024-07-25 14:52:42.139601,NA
2024-07-25 15:12:42.198934,101.63
2024-07-25 15:32:42.135263,151.63
2024-07-25 15:52:42.171583,251.63
2024-07-25 16:12:42.116643,401.63
2024-07-25 16:32:42.17833,451.63
2024-07-25 16:52:42.008002,751.63
2024-07-25 17:12:42.154057,1801.63
2024-07-25 17:32:42.118087,1501.63
2024-07-25 17:52:42.188052,1501.63
2024-07-25 18:12:42.091069,1701.63
2024-07-25 18:32:42.052072,2001.63
2024-07-25 18:52:42.359632,2351.63
2024-07-25 19:12:42.139083,2001.63
2024-07-25 19:32:42.106353,3701.63
2024-07-25 19:52:42.105376,2551.63
2024-07-25 20:12:42.054882,3851.63
2024-07-25 20:32:42.070582,3951.63
2024-07-25 20:52:42.331201,3651.63
2024-07-25 21:12:42.097053,4251.63
2024-07-25 21:32:42.346115,4151.63
2024-07-25 21:52:42.228804,4251.63
2024-07-25 22:12:42.242241,4051.63
2024-07-25 22:32:42.222938,4201.63
2024-07-25 22:52:42.234585,4151.63
2024-07-25 23:12:42.18218,4351.63
2024-07-25 23:32:42.097106,4251.63
2024-07-25 23:52:42.074212,2601.63
2024-07-26 00:12:42.003159,2051.63
2024-07-26 00:32:42.303106,1551.63
2024-07-26 00:52:42.003066,1251.63
2024-07-26 01:12:42.183149,601.63
2024-07-26 01:32:42.221158,101.63
2024-07-26 01:52:42.217134,201.63
2024-07-26 02:12:42.133156,751.63
2024-07-26 02:32:42.078307,101.63
2024-07-26 02:52:42.352102,101.63
2024-07-26 03:12:42.076937,101.63
2024-07-26 03:32:42.305168,101.63
2024-07-26 03:52:42.129147,1451.63
2024-07-26 04:12:42.155066,951.63
2024-07-26 04:32:42.16804,1001.63
2024-07-26 04:52:42.137049,101.63
2024-07-26 05:12:42.072112,851.63
2024-07-26 05:32:42.308078,101.63
2024-07-26 05:52:42.123045,101.63
2024-07-26 06:12:42.041139,101.63
2024-07-26 06:32:42.213175,101.63
2024-07-26 06:52:42.236871,301.63
2024-07-26 07:12:42.243901,551.63
2024-07-26 07:32:42.228068,101.63
2024-07-26 07:52:42.04401,751.63
2024-07-26 08:12:42.31512,101.63
2024-07-26 08:32:42.0529,101.63
2024-07-26 08:52:42.302827,101.63
2024-07-26 09:12:42.076142,101.63
2024-07-26 09:32:42.274239,101.63
2024-07-26 09:52:42.116091,101.63
2024-07-26 10:12:42.0281,101.63
2024-07-26 10:32:42.208474,101.63
2024-07-26 10:52:42.228097,101.63
2024-07-26 11:12:42.23915,101.63
2024-07-26 11:32:42.263983,101.63
2024-07-26 11:52:42.214213,101.63
2024-07-26 12:12:42.208891,101.63
2024-07-26 12:32:42.162904,101.63
2024-07-26 12:52:42.194294,101.63
2024-07-26 13:12:42.013687,101.63
2024-07-26 13:32:42.216531,101.63
2024-07-26 13:52:42.220302,101.63
2024-07-26 14:12:42.196945,101.63
2024-07-26 14:32:42.249207,101.63
2024-07-26 14:52:42.231182,101.63
2024-07-26 15:12:42.195946,851.63
2024-07-26 15:32:42.165358,551.63
2024-07-26 15:52:42.225103,101.63
2024-07-26 16:12:42.293227,201.63
2024-07-26 16:32:42.063595,501.63
2024-07-26 16:52:42.310515,701.63
2024-07-26 17:12:42.132241,2551.63
2024-07-26 17:32:42.096321,801.63
2024-07-26 17:52:42.058944,1001.63
2024-07-26 18:12:42.236451,651.63
2024-07-26 18:32:41.988895,4501.63
2024-07-26 18:52:42.247945,4201.63
2024-07-26 19:12:42.2145,3801.63
2024-07-26 19:32:42.193025,3901.63
2024-07-26 19:52:42.229274,3951.63
2024-07-26 20:12:42.198263,3501.63
2024-07-26 20:32:42.174122,3451.63
2024-07-26 20:52:42.147939,3601.63
2024-07-26 21:12:42.130205,3501.63
2024-07-26 21:32:42.130003,3401.63
2024-07-26 21:52:42.11078,2101.63
2024-07-26 22:12:42.035322,2001.63
2024-07-26 22:32:42.278651,3551.63
2024-07-26 22:52:42.232663,3451.63
2024-07-26 23:12:42.275762,2951.63
2024-07-26 23:32:42.030741,2601.63
2024-07-26 23:52:42.340173,1301.63
2024-07-27 00:12:42.034259,1951.63
2024-07-27 00:32:42.297826,1351.63
2024-07-27 00:52:42.002101,101.63
2024-07-27 01:12:42.267095,2851.63
2024-07-27 01:32:42.224085,4051.63
2024-07-27 01:52:42.173068,3201.63
2024-07-27 02:12:42.142138,4851.63
2024-07-27 02:32:42.130167,3401.63
2024-07-27 02:52:42.070098,1901.63
2024-07-27 03:12:42.045193,2651.63
2024-07-27 03:32:42.236098,4551.63
2024-07-27 03:52:42.239114,101.63
2024-07-27 04:12:42.270082,201.63
2024-07-27 04:32:42.235089,701.63
2024-07-27 04:52:42.166128,101.63
2024-07-27 05:12:42.202105,901.63
2024-07-27 05:32:42.317091,1151.63
2024-07-27 05:52:42.024061,801.63
2024-07-27 06:12:42.172581,951.63
2024-07-27 06:32:42.178605,1051.63
2024-07-27 06:52:42.14182,1101.63
2024-07-27 07:12:42.216301,1801.63
2024-07-27 07:32:42.234083,101.63
2024-07-27 07:52:42.03713,801.63
2024-07-27 08:12:42.192319,101.63
2024-07-27 08:32:42.202637,1551.63
2024-07-27 08:52:42.24819,1651.63
2024-07-27 09:12:42.042115,151.63
2024-07-27 09:32:42.38142,1401.63
2024-07-27 09:52:42.068154,2151.63
2024-07-27 10:12:42.286095,101.63
2024-07-27 10:32:42.057097,1501.63
2024-07-27 10:52:42.331104,501.63
2024-07-27 11:12:42.236545,351.63
2024-07-27 11:32:42.257857,351.63
2024-07-27 11:52:42.247074,101.63
2024-07-27 12:12:42.168115,101.63
2024-07-27 12:32:42.156114,501.63
2024-07-27 12:52:42.091056,601.63
2024-07-27 13:12:42.309078,651.63
2024-07-27 13:32:42.244201,301.63
2024-07-27 13:52:42.336797,101.63
2024-07-27 14:12:42.105425,101.63
2024-07-27 14:32:42.174172,101.63
2024-07-27 14:52:42.215139,151.63
2024-07-27 15:12:42.192044,101.63
2024-07-27 15:32:42.102101,251.63
2024-07-27 15:52:42.022579,251.63
2024-07-27 16:12:42.069339,551.63
2024-07-27 16:32:42.364599,1301.63
2024-07-27 16:52:42.098224,1001.63
2024-07-27 17:12:42.230148,451.63
2024-07-27 17:32:42.123116,651.63
2024-07-27 17:52:42.150102,1701.63
2024-07-27 18:12:42.081946,701.63
2024-07-27 18:32:42.03802,801.63
2024-07-27 18:52:42.338208,1651.63
2024-07-27 19:12:42.091749,2751.63
2024-07-27 19:32:42.299261,4701.63
2024-07-27 19:52:42.075312,4401.63
2024-07-27 20:12:42.313933,3601.63
2024-07-27 20:32:42.114285,351.63
2024-07-27 20:52:42.15849,501.63
2024-07-27 21:12:42.14486,5201.63
2024-07-27 21:32:42.186279,151.63
2024-07-27 21:52:42.208678,251.63
2024-07-27 22:12:42.220706,101.63
2024-07-27 22:32:42.232423,101.63
2024-07-27 22:52:42.028168,101.63
2024-07-27 23:12:42.301109,101.63
2024-07-27 23:32:42.023147,5751.63
2024-07-27 23:52:42.22405,3601.63
2024-07-28 00:12:42.216304,501.63
2024-07-28 00:32:42.156165,5451.63
2024-07-28 00:52:42.110127,3601.63
2024-07-28 01:12:42.073011,5351.63
2024-07-28 01:32:42.360133,4651.63
2024-07-28 01:52:42.045942,3701.63
2024-07-28 02:12:42.198846,1601.63
2024-07-28 02:32:42.161569,4001.63
2024-07-28 02:52:42.112363,2401.63
2024-07-28 03:12:42.18277,1801.63
2024-07-28 03:32:42.273132,2151.63
2024-07-28 03:52:42.030717,1551.63
2024-07-28 04:12:42.346083,2851.63
2024-07-28 04:32:42.11962,751.63
2024-07-28 04:52:42.134465,101.63
2024-07-28 05:12:42.180148,101.63
2024-07-28 05:32:42.074294,851.63
2024-07-28 05:52:42.109356,101.63
2024-07-28 06:12:42.116053,4851.63
2024-07-28 06:32:42.046962,101.63
2024-07-28 06:52:42.288571,1651.63
2024-07-28 07:12:42.035634,101.63
2024-07-28 07:32:42.37338,101.63
2024-07-28 07:52:42.209389,101.63
2024-07-28 08:12:42.114095,101.63
2024-07-28 08:32:42.150636,201.63
2024-07-28 08:52:42.145304,401.63
2024-07-28 09:12:42.093503,101.63
2024-07-28 09:32:42.364753,101.63
2024-07-28 09:52:42.14515,101.63
2024-07-28 10:12:42.075706,551.63
2024-07-28 10:32:42.046113,301.63
2024-07-28 10:52:42.292158,401.63
2024-07-28 11:12:42.213149,301.63
2024-07-28 11:32:42.192137,301.63
2024-07-28 11:52:42.148613,401.63
2024-07-28 12:12:29.716875,301.63
2024-07-28 12:32:42.159021,301.63
2024-07-28 12:52:42.096136,501.63
2024-07-28 13:12:42.004997,3951.63
2024-07-28 13:32:42.189022,401.63
2024-07-28 13:52:42.116752,1151.63
2024-07-28 14:12:42.042058,101.63
2024-07-28 14:32:42.217061,701.63
2024-07-28 14:52:42.187056,101.63
2024-07-28 15:12:42.136019,101.63
2024-07-28 15:32:42.061013,101.63
2024-07-28 15:52:42.00203,3751.63
2024-07-28 16:12:42.165999,3201.63
2024-07-28 16:32:42.19038,2901.63
2024-07-28 16:52:42.13201,2551.63
2024-07-28 17:12:42.117032,3001.63
2024-07-28 17:32:42.01504,2651.63
2024-07-28 17:52:42.182017,2851.63
2024-07-28 18:12:42.059013,2401.63
2024-07-28 18:32:42.062059,2701.63
2024-07-28 18:52:42.343066,3201.63
2024-07-28 19:12:42.014059,4401.63
2024-07-28 19:32:42.172033,4251.63
2024-07-28 19:52:42.092019,4151.63
2024-07-28 20:12:42.035037,3951.63
2024-07-28 20:32:42.20308,3251.63
2024-07-28 20:52:42.230357,3501.63
2024-07-28 21:12:42.130306,3401.63
2024-07-28 21:32:42.112019,3601.63
2024-07-28 21:52:42.122046,3751.63
2024-07-28 22:12:42.106012,3701.63
2024-07-28 22:32:42.034064,3701.63
2024-07-28 22:52:42.215051,4101.63
2024-07-28 23:12:42.094059,3951.63
2024-07-28 23:32:42.24801,4001.63
2024-07-28 23:52:42.277057,3951.63
2024-07-29 00:12:42.035496,4151.63
2024-07-29 00:32:42.241218,4201.63
2024-07-29 00:52:42.063999,4351.63
2024-07-29 01:12:42.266059,4201.63
2024-07-29 01:32:42.017035,4051.63
2024-07-29 01:52:42.202016,4051.63
2024-07-29 02:12:42.163471,3251.63
2024-07-29 02:32:42.221245,751.63
2024-07-29 02:52:42.196008,101.63
2024-07-29 03:12:42.20003,101.63
2024-07-29 03:32:42.109042,101.63
2024-07-29 03:52:42.059061,101.63
2024-07-29 04:12:42.20405,101.63
2024-07-29 04:32:42.167034,101.63
2024-07-29 04:52:42.083046,101.63
2024-07-29 05:12:42.253041,101.63
2024-07-29 05:32:42.196089,551.63
2024-07-29 05:52:42.099106,501.63
2024-07-29 06:12:42.050051,701.63
2024-07-29 06:32:42.229017,3201.63
2024-07-29 06:52:42.312449,1651.63
2024-07-29 07:12:42.017217,401.63
2024-07-29 07:32:42.219267,251.63
2024-07-29 07:52:42.029013,201.63
2024-07-29 08:12:42.225048,251.63
2024-07-29 08:32:42.194037,351.63
2024-07-29 08:52:42.260783,101.63
2024-07-29 09:12:42.198008,101.63
2024-07-29 09:32:42.140926,251.63
2024-07-29 09:52:42.1279,101.63
2024-07-29 10:12:42.104101,3551.63
2024-07-29 10:32:42.139022,1051.63
2024-07-29 10:52:42.122063,101.63
2024-07-29 11:12:42.100104,101.63
2024-07-29 11:32:42.107043,101.63
2024-07-29 11:52:41.989169,101.63
2024-07-29 12:12:42.180718,101.63
2024-07-29 12:32:42.113055,1151.63
2024-07-29 12:52:42.030244,3251.63
2024-07-29 13:12:42.231398,501.63
2024-07-29 13:32:42.015255,101.63
2024-07-29 13:52:42.241143,101.63
2024-07-29 14:12:42.197066,101.63
2024-07-29 14:32:42.113108,101.63
2024-07-29 14:52:42.057173,101.63
2024-07-29 15:12:42.200362,151.63
2024-07-29 15:32:42.201145,901.63
2024-07-29 15:52:42.167992,151.63
2024-07-29 16:12:42.142101,2751.63
2024-07-29 16:32:42.031056,2251.63
2024-07-29 16:52:42.185088,2301.63
2024-07-29 17:12:42.119134,2051.63
2024-07-29 17:32:42.115844,2351.63
2024-07-29 17:52:42.097085,2051.63
2024-07-29 18:12:42.305048,2101.63
2024-07-29 18:32:42.180093,751.63
2024-07-29 18:52:42.165065,2601.63
2024-07-29 19:12:42.161926,2801.63
2024-07-29 19:32:42.134043,3151.63
2024-07-29 19:52:42.040057,3151.63
2024-07-29 20:12:42.201099,3251.63
2024-07-29 20:32:42.110131,3151.63
2024-07-29 20:52:42.030056,3351.63
2024-07-29 21:12:42.038061,3451.63
2024-07-29 21:32:42.269049,3251.63
2024-07-29 21:52:42.236057,3451.63
2024-07-29 22:12:42.174096,3401.63
2024-07-29 22:32:42.106071,3451.63
2024-07-29 22:52:42.103083,3201.63
2024-07-29 23:12:42.011038,3401.63
2024-07-29 23:32:42.159357,101.63
2024-07-29 23:52:42.191331,101.63
2024-07-30 00:12:42.236079,251.63
2024-07-30 00:32:42.232095,101.63
2024-07-30 00:51:57.810598,101.63
2024-07-30 01:13:17.495802,201.63
2024-07-30 01:32:42.212055,3451.63
2024-07-30 01:50:34.569103,3701.63
2024-07-30 02:11:09.346403,101.63
2024-07-30 02:32:08.548917,2601.63
2024-07-30 02:52:07.400853,3301.63
2024-07-30 03:07:13.351099,101.63
2024-07-30 18:39:47.570041,1751.63
2024-07-30 18:52:42.174087,2351.63
2024-07-30 18:52:42.174087,2351.63
2024-07-30 19:12:29.649441,2351.63
2024-07-30 19:12:29.649441,2351.63
2024-07-30 19:32:42.121008,1901.63
2024-07-30 19:32:42.121008,1901.63
2024-07-30 19:52:42.079999,2851.63
2024-07-30 19:52:42.079999,2851.63
2024-07-30 20:12:42.035007,3101.63
2024-07-30 20:12:42.035007,3101.63
2024-07-30 20:32:42.256006,2901.63
2024-07-30 20:32:42.256006,2901.63
2024-07-30 20:52:42.207042,3001.63
2024-07-30 20:52:42.207042,3001.63
2024-07-30 21:12:42.141068,3101.63
2024-07-30 21:12:42.141068,3101.63
2024-07-30 21:32:42.090011,3501.63
2024-07-30 21:32:42.090011,3501.63
2024-07-30 21:52:42.042304,5701.63
2024-07-30 21:52:42.042304,5701.63
2024-07-30 22:12:42.313524,3451.63
2024-07-30 22:12:42.313524,3451.63
2024-07-30 22:32:42.029035,3201.63
2024-07-30 22:32:42.029035,3201.63
2024-07-30 22:52:42.210012,3201.63
2024-07-30 22:52:42.210012,3201.63
2024-07-30 23:12:42.114015,3201.63
2024-07-30 23:12:42.114015,3201.63
2024-07-30 23:32:42.032029,3151.63
2024-07-30 23:32:42.032029,3151.63
2024-07-30 23:52:42.195022,3001.63
2024-07-30 23:52:42.195022,3001.63
2024-07-31 00:12:42.120016,2351.63
2024-07-31 00:32:42.178303,101.63
2024-07-31 00:52:42.097051,101.63
2024-07-31 01:12:42.077014,101.63
2024-07-31 01:32:42.247028,101.63
2024-07-31 01:52:42.18202,101.63
2024-07-31 02:12:42.221166,101.63
2024-07-31 02:32:42.207013,801.63
2024-07-31 02:52:42.153008,1401.63
2024-07-31 03:12:42.099679,3901.63
2024-07-31 03:32:42.007996,3351.63
2024-07-31 03:52:42.252049,2651.63
2024-07-31 04:12:42.219027,3001.63
2024-07-31 04:32:42.228028,3801.63
2024-07-31 04:52:42.21301,3901.63
2024-07-31 05:12:42.115011,3801.63
2024-07-31 05:32:42.031033,3851.63
2024-07-31 05:52:42.18599,3201.63
2024-07-31 06:12:42.115057,3801.63
2024-07-31 06:32:42.042013,3101.63
2024-07-31 06:52:42.239034,5451.63
2024-07-31 07:12:42.22305,5501.63
2024-07-31 07:32:42.192029,5451.63
2024-07-31 07:52:42.077032,101.63
2024-07-31 08:12:42.069034,3051.63
2024-07-31 08:32:42.01503,3051.63
2024-07-31 08:52:42.155071,951.63
2024-07-31 09:12:42.096047,501.63
2024-07-31 09:32:42.025789,101.63
2024-07-31 09:52:42.266835,701.63
2024-07-31 10:12:42.019048,901.63
2024-07-31 10:32:42.194061,101.63
2024-07-31 10:52:42.128027,701.63
2024-07-31 11:12:42.143043,2351.63
2024-07-31 11:32:42.194068,2351.63
2024-07-31 11:52:42.234008,2751.63
2024-07-31 12:12:42.002656,2151.63
2024-07-31 12:32:42.286047,101.63
2024-07-31 12:52:42.01405,101.63
2024-07-31 13:12:42.277998,101.63
2024-07-31 13:32:42.05407,101.63
2024-07-31 13:52:42.27688,201.63
2024-07-31 14:12:42.020754,201.63
2024-07-31 14:32:42.282068,251.63
2024-07-31 14:52:42.057022,351.63
2024-07-31 15:12:42.280013,601.63
2024-07-31 15:32:42.184046,901.63
2024-07-31 15:52:42.076039,1201.63
2024-07-31 16:12:42.257047,3251.63
2024-07-31 16:32:42.005015,901.63
2024-07-31 16:52:42.312053,1451.63
2024-07-31 17:12:42.035088,3551.63
2024-07-31 17:32:42.339148,3401.63
