"file","date","n","t_start","t_end","has_CH4","has_C2H6","lat_min","lat_max","lon_min","lon_max"
"AMMBEC-AircraftData_TwinOtter_20240628_R0.ict","2024-06-28",7261,"17:21:00","19:22:00",FALSE,FALSE,NA,NA,NA,NA
"AMMBEC-AircraftData_TwinOtter_20240629_R0_L1.ict","2024-06-29",10021,"16:21:00","19:08:00",FALSE,FALSE,NA,NA,NA,NA
"AMMBEC-AircraftData_TwinOtter_20240629_R0_L2.ict","2024-06-29",9361,"21:13:00","23:49:00",FALSE,FALSE,NA,NA,NA,NA
"AMMBEC-AircraftData_TwinOtter_20240702_R0_L2.ict","2024-07-02",12361,"20:15:00","23:41:00",FALSE,FALSE,NA,NA,NA,NA
"AMMBEC-AircraftData_TwinOtter_20240702_R1_L1.ict","2024-07-02",7151,"16:38:50","18:38:00",FALSE,FALSE,NA,NA,NA,NA
"AMMBEC-AircraftData_TwinOtter_20240703_R0_L1.ict","2024-07-03",11881,"16:16:00","19:34:00",FALSE,FALSE,NA,NA,NA,NA
"AMMBEC-AircraftData_TwinOtter_20240703_R0_L2.ict","2024-07-03",8401,"21:40:00","00:00:00",FALSE,FALSE,NA,NA,NA,NA
"AMMBEC-AircraftData_TwinOtter_20240704_R0_L1.ict","2024-07-04",10861,"16:19:00","19:20:00",FALSE,FALSE,NA,NA,NA,NA
"AMMBEC-AircraftData_TwinOtter_20240704_R0_L2.ict","2024-07-04",11881,"20:53:00","00:11:00",FALSE,FALSE,NA,NA,NA,NA
"AMMBEC-AircraftData_TwinOtter_20240705_R0_L1.ict","2024-07-05",12901,"16:15:00","19:50:00",FALSE,FALSE,NA,NA,NA,NA
"AMMBEC-AircraftData_TwinOtter_20240705_R0_L2.ict","2024-07-05",11701,"21:33:00","00:48:00",FALSE,FALSE,NA,NA,NA,NA
"AMMBEC-AircraftData_TwinOtter_20240706_R0.ict","2024-07-06",4021,"20:03:00","21:10:00",FALSE,FALSE,NA,NA,NA,NA
"AMMBEC-AircraftData_TwinOtter_20240708_R0_L1.ict","2024-07-08",12541,"16:52:00","20:21:00",FALSE,FALSE,NA,NA,NA,NA
"AMMBEC-AircraftData_TwinOtter_20240708_R0_L2.ict","2024-07-08",11881,"22:36:00","01:54:00",FALSE,FALSE,NA,NA,NA,NA
"AMMBEC-AircraftData_TwinOtter_20240709_R0.ict","2024-07-09",11761,"17:19:00","20:35:00",FALSE,FALSE,NA,NA,NA,NA
"AMMBEC-AircraftData_TwinOtter_20240710_R0_L1.ict","2024-07-10",10741,"16:01:00","19:00:00",FALSE,FALSE,NA,NA,NA,NA
"AMMBEC-AircraftData_TwinOtter_20240710_R0_L2.ict","2024-07-10",11281,"20:33:00","23:41:00",FALSE,FALSE,NA,NA,NA,NA
"AMMBEC-AircraftData_TwinOtter_20240711_R0_L1.ict","2024-07-11",10141,"15:57:00","18:46:00",FALSE,FALSE,NA,NA,NA,NA
"AMMBEC-AircraftData_TwinOtter_20240711_R0_L2.ict","2024-07-11",10801,"20:31:00","23:31:00",FALSE,FALSE,NA,NA,NA,NA
"AMMBEC-AircraftData_TwinOtter_20240712_R0_L1.ict","2024-07-12",7861,"16:29:00","18:40:00",FALSE,FALSE,NA,NA,NA,NA
"AMMBEC-AircraftData_TwinOtter_20240712_R0_L2.ict","2024-07-12",10741,"20:36:00","23:35:00",FALSE,FALSE,NA,NA,NA,NA
"AMMBEC-AircraftData_TwinOtter_20240713_R0_L1.ict","2024-07-13",11581,"15:36:00","18:49:00",FALSE,FALSE,NA,NA,NA,NA
"AMMBEC-AircraftData_TwinOtter_20240713_R0_L2.ict","2024-07-13",10501,"20:24:00","23:19:00",FALSE,FALSE,NA,NA,NA,NA
"AMMBEC-AMAX-DOAS-NadirNO2_TwinOtter_20240628_R0.ict","2024-06-28",2127,"17:30:54","19:07:38",FALSE,FALSE,40.078,40.53,-105.224,-104.274
"AMMBEC-AMAX-DOAS-NadirNO2_TwinOtter_20240628_RA_L1.ict","2024-06-28",2127,"17:30:54","19:07:38",FALSE,FALSE,40.078,40.53,-105.224,-104.274
"AMMBEC-AMAX-DOAS-NadirNO2_TwinOtter_20240629_R0_L1.ict","2024-06-29",4370,"16:25:11","19:09:54",FALSE,FALSE,39.757,40.594,-105.303,-104.264
"AMMBEC-AMAX-DOAS-NadirNO2_TwinOtter_20240629_R0_L2.ict","2024-06-29",986,"21:17:28","23:39:00",FALSE,FALSE,39.914,40.581,-105.271,-104.257
"AMMBEC-AMAX-DOAS-NadirNO2_TwinOtter_20240702_R0_L1.ict","2024-07-02",2705,"16:28:02","18:46:06",FALSE,FALSE,39.898,40.688,-105.2,-104.256
"AMMBEC-AMAX-DOAS-NadirNO2_TwinOtter_20240702_R0_L2.ict","2024-07-02",5066,"20:15:59","23:40:55",FALSE,FALSE,39.82,40.581,-105.241,-104.253
"AMMBEC-AMAX-DOAS-NadirNO2_TwinOtter_20240703_R0_L1.ict","2024-07-03",5839,"16:15:59","19:33:56",FALSE,FALSE,39.279,40.643,-105.274,-104.692
"AMMBEC-AMAX-DOAS-NadirNO2_TwinOtter_20240703_R0_L2.ict","2024-07-03",3657,"21:41:10","00:00:30",FALSE,FALSE,39.484,40.615,-105.267,-104.968
"AMMBEC-AMAX-DOAS-NadirNO2_TwinOtter_20240704_R0_L1.ict","2024-07-04",4900,"16:02:57","19:19:18",FALSE,FALSE,39.877,40.581,-105.273,-104.256
"AMMBEC-AMAX-DOAS-NadirNO2_TwinOtter_20240704_R0_L2.ict","2024-07-04",4764,"20:53:35","00:09:18",FALSE,FALSE,39.872,40.608,-105.314,-104.261
"AMMBEC-AMAX-DOAS-NadirNO2_TwinOtter_20240705_R0_L1.ict","2024-07-05",5775,"16:05:14","19:50:20",FALSE,FALSE,39.438,40.625,-105.273,-104.331
"AMMBEC-AMAX-DOAS-NadirNO2_TwinOtter_20240705_R0_L2.ict","2024-07-05",4783,"21:27:18","00:47:42",FALSE,FALSE,39.897,40.612,-105.276,-104.258
"AMMBEC-AMAX-DOAS-NadirNO2_TwinOtter_20240708_R0_L1.ict","2024-07-08",5929,"16:52:45","20:20:22",FALSE,FALSE,39.469,40.425,-105.268,-104.379
"AMMBEC-AMAX-DOAS-NadirNO2_TwinOtter_20240708_R0_L2.ict","2024-07-08",6378,"22:33:36","01:52:21",FALSE,FALSE,39.643,40.584,-105.266,-104.386
"AMMBEC-AMAX-DOAS-NadirNO2_TwinOtter_20240709_R0.ict","2024-07-09",5011,"17:18:49","20:33:46",FALSE,FALSE,39.292,40.397,-105.261,-104.374
"AMMBEC-AMAX-DOAS-NadirNO2_TwinOtter_20240709_RA_L1.ict","2024-07-09",5011,"17:18:49","20:33:46",FALSE,FALSE,39.292,40.397,-105.261,-104.374
"AMMBEC-AMAX-DOAS-NadirNO2_TwinOtter_20240710_R0_L1.ict","2024-07-10",4708,"16:00:15","18:58:09",FALSE,FALSE,39.471,40.4,-105.276,-104.378
"AMMBEC-AMAX-DOAS-NadirNO2_TwinOtter_20240710_R0_L2.ict","2024-07-10",3710,"20:33:39","23:39:20",FALSE,FALSE,39.568,40.588,-105.263,-104.257
"AMMBEC-AMAX-DOAS-NadirNO2_TwinOtter_20240711_R0_L1.ict","2024-07-11",4815,"15:56:24","18:44:48",FALSE,FALSE,39.901,40.583,-105.161,-104.509
"AMMBEC-AMAX-DOAS-NadirNO2_TwinOtter_20240711_R0_L2.ict","2024-07-11",5286,"20:31:11","23:30:12",FALSE,FALSE,39.889,40.6,-105.127,-104.357
"AMMBEC-AMAX-DOAS-NadirNO2_TwinOtter_20240712_R0_L1.ict","2024-07-12",4135,"16:28:12","18:39:17",FALSE,FALSE,39.552,40.368,-105.27,-104.929
"AMMBEC-AMAX-DOAS-NadirNO2_TwinOtter_20240712_R0_L2.ict","2024-07-12",4799,"20:34:42","23:34:10",FALSE,FALSE,39.892,40.585,-105.191,-104.257
"AMMBEC-AMAX-DOAS-NadirNO2_TwinOtter_20240713_R0_L1.ict","2024-07-13",5738,"15:36:26","18:46:58",FALSE,FALSE,39.472,40.473,-105.18,-104.381
"AMMBEC-AMAX-DOAS-NadirNO2_TwinOtter_20240713_R0_L2.ict","2024-07-13",4078,"20:24:07","23:17:42",FALSE,FALSE,39.47,40.424,-105.206,-104.311
"AMMBEC-ARL-Suite_TwinOtter_20240628_R0.ict","2024-06-28",7261,"17:21:00","19:22:00",TRUE,TRUE,39.89,40.53,-105.253,-104.274
"AMMBEC-ARL-Suite_TwinOtter_20240629_R0_L1.ict","2024-06-29",10021,"16:21:00","19:08:00",TRUE,TRUE,39.757,40.597,-105.303,-104.264
"AMMBEC-ARL-Suite_TwinOtter_20240629_R0_L2.ict","2024-06-29",9361,"21:13:00","23:49:00",TRUE,TRUE,39.893,40.583,-105.271,-104.257
"AMMBEC-ARL-Suite_TwinOtter_20240702_R0_L1.ict","2024-07-02",7201,"16:38:00","18:38:00",TRUE,TRUE,39.892,40.691,-105.201,-104.257
"AMMBEC-ARL-Suite_TwinOtter_20240702_R0_L2.ict","2024-07-02",12361,"20:15:00","23:41:00",TRUE,TRUE,39.82,40.581,-105.241,-104.253
"AMMBEC-ARL-Suite_TwinOtter_20240703_R0_L1.ict","2024-07-03",11881,"16:16:00","19:34:00",TRUE,TRUE,39.276,40.643,-105.277,-104.692
"AMMBEC-ARL-Suite_TwinOtter_20240703_R0_L2.ict","2024-07-03",8401,"21:40:00","00:00:00",TRUE,TRUE,39.484,40.615,-105.267,-104.968
"AMMBEC-ARL-Suite_TwinOtter_20240704_R0_L1.ict","2024-07-04",10861,"16:19:00","19:20:00",TRUE,TRUE,39.877,40.581,-105.273,-104.256
"AMMBEC-ARL-Suite_TwinOtter_20240704_R0_L2.ict","2024-07-04",11881,"20:53:00","00:11:00",TRUE,TRUE,39.872,40.609,-105.316,-104.257
"AMMBEC-ARL-Suite_TwinOtter_20240705_R0_L1.ict","2024-07-05",12901,"16:15:00","19:50:00",TRUE,TRUE,39.439,40.625,-105.28,-104.331
"AMMBEC-ARL-Suite_TwinOtter_20240705_R0_L2.ict","2024-07-05",11701,"21:33:00","00:48:00",TRUE,TRUE,39.896,40.612,-105.277,-104.253
"AMMBEC-ARL-Suite_TwinOtter_20240708_R0_L1.ict","2024-07-08",12541,"16:52:00","20:21:00",TRUE,TRUE,39.469,40.425,-105.268,-104.379
"AMMBEC-ARL-Suite_TwinOtter_20240708_R0_L2.ict","2024-07-08",11881,"22:36:00","01:54:00",TRUE,TRUE,39.643,40.583,-105.267,-104.384
"AMMBEC-ARL-Suite_TwinOtter_20240709_R0.ict","2024-07-09",11761,"17:19:00","20:35:00",TRUE,TRUE,39.291,40.397,-105.262,-104.369
"AMMBEC-ARL-Suite_TwinOtter_20240710_R0_L1.ict","2024-07-10",10741,"16:01:00","19:00:00",TRUE,TRUE,39.471,40.4,-105.276,-104.377
"AMMBEC-ARL-Suite_TwinOtter_20240710_R0_L2.ict","2024-07-10",11281,"20:33:00","23:41:00",TRUE,TRUE,39.568,40.588,-105.263,-104.257
"AMMBEC-ARL-Suite_TwinOtter_20240711_R0_L1.ict","2024-07-11",10141,"15:57:00","18:46:00",TRUE,TRUE,39.902,40.583,-105.161,-104.509
"AMMBEC-ARL-Suite_TwinOtter_20240711_R0_L2.ict","2024-07-11",10801,"20:31:00","23:31:00",TRUE,TRUE,39.889,40.6,-105.128,-104.357
"AMMBEC-ARL-Suite_TwinOtter_20240712_R0_L1.ict","2024-07-12",7861,"16:29:00","18:40:00",TRUE,TRUE,39.55,40.368,-105.27,-104.929
"AMMBEC-ARL-Suite_TwinOtter_20240712_R0_L2.ict","2024-07-12",10741,"20:36:00","23:35:00",TRUE,TRUE,39.892,40.585,-105.191,-104.257
"AMMBEC-ARL-Suite_TwinOtter_20240713_R0_L1.ict","2024-07-13",11581,"15:36:00","18:49:00",TRUE,TRUE,39.472,40.478,-105.18,-104.381
"AMMBEC-ARL-Suite_TwinOtter_20240713_R0_L2.ict","2024-07-13",10501,"20:24:00","23:19:00",TRUE,TRUE,39.47,40.424,-105.206,-104.311
"AMMBEC-jNO2_TwinOtter_20240628_R0.ict","2024-06-28",7261,"17:21:00","19:22:00",FALSE,FALSE,NA,NA,NA,NA
"AMMBEC-jNO2_TwinOtter_20240629_R0_L1.ict","2024-06-29",10021,"16:21:00","19:08:00",FALSE,FALSE,NA,NA,NA,NA
"AMMBEC-jNO2_TwinOtter_20240629_R0_L2.ict","2024-06-29",9361,"21:13:00","23:49:00",FALSE,FALSE,NA,NA,NA,NA
"AMMBEC-jNO2_TwinOtter_20240702_R0_L1.ict","2024-07-02",7201,"16:38:00","18:38:00",FALSE,FALSE,NA,NA,NA,NA
"AMMBEC-jNO2_TwinOtter_20240702_R0_L2.ict","2024-07-02",12361,"20:15:00","23:41:00",FALSE,FALSE,NA,NA,NA,NA
"AMMBEC-jNO2_TwinOtter_20240703_R0_L1.ict","2024-07-03",11881,"16:16:00","19:34:00",FALSE,FALSE,NA,NA,NA,NA
"AMMBEC-jNO2_TwinOtter_20240703_R0_L2.ict","2024-07-03",8401,"21:40:00","00:00:00",FALSE,FALSE,NA,NA,NA,NA
"AMMBEC-jNO2_TwinOtter_20240704_R0_L1.ict","2024-07-04",10861,"16:19:00","19:20:00",FALSE,FALSE,NA,NA,NA,NA
"AMMBEC-jNO2_TwinOtter_20240704_R0_L2.ict","2024-07-04",11881,"20:53:00","00:11:00",FALSE,FALSE,NA,NA,NA,NA
"AMMBEC-jNO2_TwinOtter_20240705_R0_L1.ict","2024-07-05",12901,"16:15:00","19:50:00",FALSE,FALSE,NA,NA,NA,NA
"AMMBEC-jNO2_TwinOtter_20240705_R0_L2.ict","2024-07-05",11701,"21:33:00","00:48:00",FALSE,FALSE,NA,NA,NA,NA
"AMMBEC-jNO2_TwinOtter_20240706_R0.ict","2024-07-06",4021,"20:03:00","21:10:00",FALSE,FALSE,NA,NA,NA,NA
"AMMBEC-jNO2_TwinOtter_20240708_R0_L1.ict","2024-07-08",12541,"16:52:00","20:21:00",FALSE,FALSE,NA,NA,NA,NA
"AMMBEC-jNO2_TwinOtter_20240708_R0_L2.ict","2024-07-08",11881,"22:36:00","01:54:00",FALSE,FALSE,NA,NA,NA,NA
"AMMBEC-jNO2_TwinOtter_20240709_R0.ict","2024-07-09",11761,"17:19:00","20:35:00",FALSE,FALSE,NA,NA,NA,NA
"AMMBEC-jNO2_TwinOtter_20240710_R0_L1.ict","2024-07-10",10741,"16:01:00","19:00:00",FALSE,FALSE,NA,NA,NA,NA
"AMMBEC-jNO2_TwinOtter_20240710_R0_L2.ict","2024-07-10",11281,"20:33:00","23:41:00",FALSE,FALSE,NA,NA,NA,NA
"AMMBEC-jNO2_TwinOtter_20240711_R0_L1.ict","2024-07-11",10141,"15:57:00","18:46:00",FALSE,FALSE,NA,NA,NA,NA
"AMMBEC-jNO2_TwinOtter_20240711_R0_L2.ict","2024-07-11",10801,"20:31:00","23:31:00",FALSE,FALSE,NA,NA,NA,NA
"AMMBEC-jNO2_TwinOtter_20240712_R0_L1.ict","2024-07-12",7861,"16:29:00","18:40:00",FALSE,FALSE,NA,NA,NA,NA
"AMMBEC-jNO2_TwinOtter_20240712_R0_L2.ict","2024-07-12",10741,"20:36:00","23:35:00",FALSE,FALSE,NA,NA,NA,NA
"AMMBEC-jNO2_TwinOtter_20240713_R0_L1.ict","2024-07-13",11581,"15:36:00","18:49:00",FALSE,FALSE,NA,NA,NA,NA
"AMMBEC-jNO2_TwinOtter_20240713_R0_L2.ict","2024-07-13",10501,"20:24:00","23:19:00",FALSE,FALSE,NA,NA,NA,NA
