"file","quarter","site","date","n","t_start","t_end","ch4_med","ch4_max","lat_min","lat_max","lon_min","lon_max"
"20230216_HEPTerminal_CAT_Methane.csv","2023 Q1 - January, February, March","HEPTerminal","2023-02-16",16174,"17:07:07","21:58:08",2.024,3.338,39.731,39.915,-105.174,-104.823
"20230224_SuncorP66_CAT_Methane.csv","2023 Q1 - January, February, March","SuncorP66","2023-02-24",16634,"17:15:18","22:18:02",2.265,4.737,39.743,39.871,-105.062,-104.877
"20230301_SuncorP66_CAT_Methane.csv","2023 Q1 - January, February, March","SuncorP66","2023-03-01",12862,"17:56:58","22:27:30",2.144,6.932,39.743,39.831,-104.988,-104.922
"20230308_HEPTerminal_CAT_Methane.csv","2023 Q1 - January, February, March","HEPTerminal","2023-03-08",17206,"17:22:07","22:39:38",2.051,2.431,39.74,39.915,-104.957,-104.805
"20230309_SuncorP66_CAT_Methane.csv","2023 Q1 - January, February, March","SuncorP66","2023-03-09",16770,"17:53:20","22:47:29",1.991,5.665,39.74,39.83,-104.988,-104.807
"20230313_SuncorP66_CAT_Methane.csv","2023 Q1 - January, February, March","SuncorP66","2023-03-13",18152,"16:29:28","21:34:02",2.055,4.981,39.743,39.847,-104.988,-104.81
"20230315_HEPTerminal_CAT_Methane.csv","2023 Q1 - January, February, March","HEPTerminal","2023-03-15",15675,"16:25:27","20:54:40",1.964,3.187,39.77,39.914,-104.94,-104.81
"20230321_HEPTerminal_CAT_Methane.csv","2023 Q1 - January, February, March","HEPTerminal","2023-03-21",16685,"15:49:57","20:35:14",1.997,3.165,39.745,39.914,-104.957,-104.807
"20230322_SuncorP66_CAT_Methane.csv","2023 Q1 - January, February, March","SuncorP66","2023-03-22",8466,"16:26:09","21:17:01",2.079,3.036,39.745,39.847,-104.988,-104.807
"20230323_HEPTerminal_CAT_Methane.csv","2023 Q1 - January, February, March","HEPTerminal","2023-03-23",11399,"17:14:20","20:27:11",2.09,2.497,39.837,39.914,-104.94,-104.823
"20230420_SuncorP66_CAT_Methane.csv","2023 Q2 - April, May, June","SuncorP66","2023-04-20",7196,"16:18:02","20:18:38",2.001,3.92,39.743,39.847,-104.988,-104.877
"20230424_HEPTerminal_CAT_Methane.csv","2023 Q2 - April, May, June","HEPTerminal","2023-04-24",7987,"15:55:27","20:35:55",2.018,2.483,39.745,39.914,-104.968,-104.807
"20230426_SuncorP66_CAT_Methane.csv","2023 Q2 - April, May, June","SuncorP66","2023-04-26",8029,"16:09:27","21:09:58",2.067,5.375,39.743,39.834,-104.988,-104.83
"20230427_HEPTerminal_CAT_Methane.csv","2023 Q2 - April, May, June","HEPTerminal","2023-04-27",6345,"16:32:02","20:30:11",1.98,2.726,39.796,39.914,-104.955,-104.823
"20230503_HEPTerminal_CAT_Methane.csv","2023 Q2 - April, May, June","HEPTerminal","2023-05-03",8091,"16:03:10","22:15:56",1.971,3.146,39.745,39.914,-104.968,-104.807
"20230504_SuncorP66_CAT_Methane.csv","2023 Q2 - April, May, June","SuncorP66","2023-05-04",6583,"16:13:56","19:55:50",1.991,7.524,39.743,39.834,-104.988,-104.807
"20230508_CollinsAerospace_CAT_Methane.csv","2023 Q2 - April, May, June","CollinsAerospace","2023-05-08",8049,"15:05:28","19:46:15",1.982,2.375,38.217,39.655,-104.906,-104.458
"20230509_CollinsAerospace_CAT_Methane.csv","2023 Q2 - April, May, June","CollinsAerospace","2023-05-09",9253,"15:39:18","21:22:45",1.984,2.786,38.217,39.74,-104.905,-104.458
"20230515_SuncorP66_CAT_Methane.csv","2023 Q2 - April, May, June","SuncorP66","2023-05-15",7411,"16:05:49","20:28:21",2.103,2.748,39.74,39.834,-104.987,-104.877
"20230516_HEPTerminal_CAT_Methane.csv","2023 Q2 - April, May, June","HEPTerminal","2023-05-16",8613,"16:10:31","21:13:47",2,2.263,39.787,39.914,-104.94,-104.823
"20230517_SuncorP66_CAT_Methane.csv","2023 Q2 - April, May, June","SuncorP66","2023-05-17",6893,"16:28:02","20:34:19",2.039,2.625,39.743,39.834,-104.988,-104.877
"20230522_CollinsAerospace_CAT_Methane.csv","2023 Q2 - April, May, June","CollinsAerospace","2023-05-22",8262,"15:38:32","20:21:11",2.005,2.725,38.227,39.674,-104.906,-104.458
"20230523_CollinsAerospace_CAT_Methane.csv","2023 Q2 - April, May, June","CollinsAerospace","2023-05-23",7129,"15:37:58","20:00:23",2.015,3.309,38.217,39.73,-104.905,-104.458
"20230530_SuncorP66_CAT_Methane.csv","2023 Q2 - April, May, June","SuncorP66","2023-05-30",7169,"16:11:30","20:13:52",2.026,3.041,39.743,39.834,-104.988,-104.811
"20230531_HEPTerminal_CAT_Methane.csv","2023 Q2 - April, May, June","HEPTerminal","2023-05-31",8398,"15:58:22","20:41:42",2.027,3.471,39.771,39.914,-104.95,-104.81
"20230607_CollinsAerospace_CAT_Methane.csv","2023 Q2 - April, May, June","CollinsAerospace","2023-06-07",8805,"15:47:10","20:55:25",1.986,2.529,38.218,39.717,-104.907,-104.458
"20230608_CollinsAerospace_CAT_Methane.csv","2023 Q2 - April, May, June","CollinsAerospace","2023-06-08",9079,"15:49:41","20:55:33",1.959,2.751,38.217,39.74,-104.905,-104.458
"20230614_SuncorP66_CAT_Methane.csv","2023 Q2 - April, May, June","SuncorP66","2023-06-14",9618,"15:59:39","21:42:45",2.016,2.324,39.743,39.834,-105.006,-104.834
"20230615_HEPTerminal_CAT_Methane.csv","2023 Q2 - April, May, June","HEPTerminal","2023-06-15",8997,"15:14:24","20:17:22",2.092,3.809,39.77,39.914,-104.95,-104.81
"20230616_HEPTerminal_CAT_Methane.csv","2023 Q2 - April, May, June","HEPTerminal","2023-06-16",11582,"14:53:04","21:23:05",2.077,4.428,39.739,39.914,-104.941,-104.807
"20230621_HEPTerminal_CAT_Methane.csv","2023 Q2 - April, May, June","HEPTerminal","2023-06-21",6594,"15:45:02","19:26:53",2.142,3.415,39.828,39.914,-104.941,-104.823
"20230622_SuncorP66_CAT_Methane.csv","2023 Q2 - April, May, June","SuncorP66","2023-06-22",5774,"16:23:33","20:05:23",1.968,2.174,39.743,39.834,-105.007,-104.877
"20230623_HEPTerminal_CAT_Methane.csv","2023 Q2 - April, May, June","HEPTerminal","2023-06-23",6414,"17:25:31","21:03:03",2.116,3.042,39.745,39.896,-104.924,-104.807
"20230626_CollinsAerospace_CAT_Methane.csv","2023 Q2 - April, May, June","CollinsAerospace","2023-06-26",8713,"16:08:33","21:03:37",1.998,3.427,38.218,39.406,-104.898,-104.458
"20230627_CollinsAerospace_CAT_Methane.csv","2023 Q2 - April, May, June","CollinsAerospace","2023-06-27",7493,"15:54:58","20:38:11",1.93,3.511,38.217,39.076,-104.859,-104.492
"20230711_SuncorP66_CAT_Methane.csv","2023 Q3 - July, August, September","SuncorP66","2023-07-11",5978,"16:18:49","20:12:37",1.949,2.457,39.743,39.834,-105.007,-104.877
"20230712_HEPTerminal_CAT_Methane.csv","2023 Q3 - July, August, September","HEPTerminal","2023-07-12",8323,"16:24:51","21:44:36",2.015,2.427,39.772,39.914,-104.95,-104.823
"20230713_SuncorP66_CAT_Methane.csv","2023 Q3 - July, August, September","SuncorP66","2023-07-13",7776,"16:40:27","21:11:18",1.999,2.878,39.743,39.834,-105.006,-104.877
"20230717_SuncorP66_CAT_Methane.csv","2023 Q3 - July, August, September","SuncorP66","2023-07-17",5663,"16:03:10","19:15:02",1.977,2.522,39.744,39.82,-105.006,-104.877
"20230718_HEPTerminal_CAT_Methane.csv","2023 Q3 - July, August, September","HEPTerminal","2023-07-18",6535,"16:36:00","21:21:49",1.941,2.865,39.744,39.914,-104.94,-104.807
"20230720_SuncorP66_CAT_Methane.csv","2023 Q3 - July, August, September","SuncorP66","2023-07-20",7780,"16:01:31","20:42:39",2.03,3.414,39.743,39.827,-105.008,-104.81
"20230721_SuncorP66_CAT_Methane.csv","2023 Q3 - July, August, September","SuncorP66","2023-07-21",7659,"16:08:19","20:38:33",2.007,3.307,39.743,39.834,-105.006,-104.855
"20230724_CollinsAerospace_CAT_Methane.csv","2023 Q3 - July, August, September","CollinsAerospace","2023-07-24",7654,"15:39:47","21:22:28",1.972,2.463,38.218,39.74,-104.882,-104.458
"20230802_SuncorP66_CAT_Methane.csv","2023 Q3 - July, August, September","SuncorP66","2023-08-02",8065,"16:10:10","20:48:29",2.028,3.199,39.743,39.834,-105.006,-104.807
"20230803_HEPTerminal_CAT_Methane.csv","2023 Q3 - July, August, September","HEPTerminal","2023-08-03",7415,"16:12:08","20:55:00",1.978,4.062,39.747,39.914,-104.95,-104.81
"20230808_SuncorP66_CAT_Methane.csv","2023 Q3 - July, August, September","SuncorP66","2023-08-08",6239,"16:31:24","20:13:21",2.145,3.179,39.743,39.834,-105.006,-104.814
"20230810_HEPTerminal_CAT_Methane.csv","2023 Q3 - July, August, September","HEPTerminal","2023-08-10",8650,"16:29:44","21:32:51",2.006,11.42,39.763,39.914,-104.95,-104.81
"20230814_HEPTerminal_CAT_Methane.csv","2023 Q3 - July, August, September","HEPTerminal","2023-08-14",7223,"16:00:14","20:42:47",2.038,3.416,39.773,39.915,-104.95,-104.823
"20230815_SuncorP66_CAT_Methane.csv","2023 Q3 - July, August, September","SuncorP66","2023-08-15",5301,"17:27:47","21:09:42",2.045,2.497,39.747,39.834,-105.007,-104.884
"20230823_CollinsAerospace_CAT_Methane.csv","2023 Q3 - July, August, September","CollinsAerospace","2023-08-23",9124,"15:34:09","20:41:33",2.007,2.552,38.198,39.74,-104.904,-104.458
"20230831_CollinsAerospace_CAT_Methane.csv","2023 Q3 - July, August, September","CollinsAerospace","2023-08-31",7354,"16:36:04","21:11:37",1.97,2.553,38.218,39.36,-104.898,-104.458
"20230901_CollinsAerospace_CAT_Methane.csv","2023 Q3 - July, August, September","CollinsAerospace","2023-09-01",8703,"17:25:10","22:48:19",2.006,2.215,38.217,39.765,-105.018,-104.458
"20230905_HEPTerminal_CAT_Methane.csv","2023 Q3 - July, August, September","HEPTerminal","2023-09-05",3802,"16:59:07","19:07:03",2.02,2.125,39.861,39.914,-104.94,-104.823
"20230906_SuncorP66_CAT_Methane.csv","2023 Q3 - July, August, September","SuncorP66","2023-09-06",5501,"16:05:03","20:26:48",1.999,4.278,39.773,39.831,-105.003,-104.884
"20230907_HEPTerminal_CAT_Methane.csv","2023 Q3 - July, August, September","HEPTerminal","2023-09-07",6835,"16:10:41","20:33:08",2.047,3.366,39.78,39.914,-105.093,-104.823
"20230911_CollinsAerospace_CAT_Methane.csv","2023 Q3 - July, August, September","CollinsAerospace","2023-09-11",7409,"15:50:22","20:01:38",2.006,2.569,38.217,39.669,-104.927,-104.458
"20230912_CollinsAerospace_CAT_Methane.csv","2023 Q3 - July, August, September","CollinsAerospace","2023-09-12",6851,"15:11:39","20:52:04",2.05,2.404,38.245,39.786,-105.11,-104.458
"20230920_SuncorP66_CAT_Methane.csv","2023 Q3 - July, August, September","SuncorP66","2023-09-20",4314,"15:33:36","21:39:29",1.962,2.81,39.771,39.795,-105.11,-104.95
"20230922_HEPTerminal_CAT_Methane.csv","2023 Q3 - July, August, September","HEPTerminal","2023-09-22",7537,"14:21:21","19:44:41",2.021,2.555,39.77,39.914,-105.11,-104.831
"20230925_CollinsAerospace_CAT_Methane.csv","2023 Q3 - July, August, September","CollinsAerospace","2023-09-25",6730,"16:36:36","21:07:06",1.992,4.191,38.218,39.355,-104.898,-104.495
"20230926_CollinsAerospace_CAT_Methane.csv","2023 Q3 - July, August, September","CollinsAerospace","2023-09-26",6968,"15:36:16","20:07:41",1.977,4.843,38.217,39.723,-105.011,-104.458
"20230927_SuncorP66_CAT_Methane.csv","2023 Q3 - July, August, September","SuncorP66","2023-09-27",5490,"16:28:37","20:40:54",1.982,3.448,39.743,39.82,-105.045,-104.877
"20231004_SuncorP66_CAT_Methane.csv","2023 Q4 - October, November, December","SuncorP66","2023-10-04",4922,"16:06:36","19:37:05",1.992,3.541,39.743,39.834,-105.007,-104.877
"20231005_HEPTerminal_CAT_Methane.csv","2023 Q4 - October, November, December","HEPTerminal","2023-10-05",5052,"15:55:34","19:49:50",2.031,2.729,39.828,39.914,-104.936,-104.823
"20231006_SuncorP66_CAT_Methane.csv","2023 Q4 - October, November, December","SuncorP66","2023-10-06",5499,"15:51:36","19:17:16",2.026,4.126,39.744,39.857,-105.11,-104.877
"20231011_CollinsAerospace_CAT_Methane.csv","2023 Q4 - October, November, December","CollinsAerospace","2023-10-11",6188,"16:48:36","20:21:37",1.974,2.482,38.217,39.754,-105.018,-104.475
"20231017_SuncorP66_CAT_Methane.csv","2023 Q4 - October, November, December","SuncorP66","2023-10-17",5930,"16:26:26","19:45:56",2.007,9.057,39.743,39.834,-104.988,-104.877
"20231018_HEPTerminal_CAT_Methane.csv","2023 Q4 - October, November, December","HEPTerminal","2023-10-18",6934,"16:07:41","19:49:35",2.015,2.584,39.784,39.914,-105.104,-104.84
"20231019_SuncorP66_CAT_Methane.csv","2023 Q4 - October, November, December","SuncorP66","2023-10-19",6129,"16:18:35","19:45:36",1.998,7.379,39.743,39.834,-105.11,-104.877
"20231020_HEPTerminal_CAT_Methane.csv","2023 Q4 - October, November, December","HEPTerminal","2023-10-20",7428,"16:06:28","20:39:53",1.99,4.695,39.798,39.914,-105.006,-104.847
"20231024_CollinsAerospace_CAT_Methane.csv","2023 Q4 - October, November, December","CollinsAerospace","2023-10-24",6638,"16:03:58","20:54:27",2.108,4.896,38.218,39.784,-105.033,-104.458
"20231025_CollinsAerospace_CAT_Methane.csv","2023 Q4 - October, November, December","CollinsAerospace","2023-10-25",8612,"14:57:16","20:30:30",2.094,7.147,38.159,39.716,-105.002,-104.487
"20231027_HEPTerminal_CAT_Methane.csv","2023 Q4 - October, November, December","HEPTerminal","2023-10-27",5413,"16:33:32","20:03:47",2.029,2.504,39.811,39.914,-104.94,-104.823
"20231031_SuncorP66_CAT_Methane.csv","2023 Q4 - October, November, December","SuncorP66","2023-10-31",5961,"16:44:20","20:19:02",2.182,21.352,39.743,39.834,-105.068,-104.877
"20231101_HEPTerminal_CAT_Methane.csv","2023 Q4 - October, November, December","HEPTerminal","2023-11-01",7851,"16:27:36","21:03:28",2.145,12.712,39.78,39.914,-105.018,-104.823
"20231102_SuncorP66_CAT_Methane.csv","2023 Q4 - October, November, December","SuncorP66","2023-11-02",5332,"16:31:32","20:51:27",1.996,4.692,39.743,39.834,-105.042,-104.877
"20231114_HEPTerminal_CAT_Methane.csv","2023 Q4 - October, November, December","HEPTerminal","2023-11-14",5015,"18:19:37","21:08:03",2.028,4.191,39.798,39.914,-104.95,-104.83
"20231115_SuncorP66_CAT_Methane.csv","2023 Q4 - October, November, December","SuncorP66","2023-11-15",5572,"16:56:30","20:57:40",2.018,8.949,39.743,39.82,-105.11,-104.877
"20231116_HEPTerminal_CAT_Methane.csv","2023 Q4 - October, November, December","HEPTerminal","2023-11-16",7149,"17:18:06","21:18:18",1.991,2.578,39.804,39.914,-104.944,-104.823
"20231120_CollinsAerospace_CAT_Methane.csv","2023 Q4 - October, November, December","CollinsAerospace","2023-11-20",7348,"16:44:22","21:45:38",1.999,2.508,38.218,39.786,-105.109,-104.458
"20231121_CollinsAerospace_CAT_Methane.csv","2023 Q4 - October, November, December","CollinsAerospace","2023-11-21",7248,"17:15:07","21:57:55",2.009,2.584,38.217,39.729,-105.015,-104.458
"20231129_CollinsAerospace_CAT_Methane.csv","2023 Q4 - October, November, December","CollinsAerospace","2023-11-29",5277,"17:03:50","23:49:50",1.996,10.822,38.218,39.785,-105.103,-104.458
"20231130_CollinsAerospace_CAT_Methane.csv","2023 Q4 - October, November, December","CollinsAerospace","2023-11-30",9122,"16:03:29","21:56:16",2.001,4.253,38.217,39.732,-105.11,-104.458
"20231205_HEPTerminal_CAT_Methane.csv","2023 Q4 - October, November, December","HEPTerminal","2023-12-05",9351,"16:56:24","22:19:59",2.066,14.868,39.779,39.914,-105.11,-104.823
"20231208_HEPTerminal_CAT_Methane.csv","2023 Q4 - October, November, December","HEPTerminal","2023-12-08",3830,"20:32:53","22:41:59",2.016,3.453,39.786,39.914,-104.95,-104.847
"20231211_CollinsAerospace_CAT_Methane.csv","2023 Q4 - October, November, December","CollinsAerospace","2023-12-11",6281,"19:03:35","22:35:39",2.027,4.863,38.217,38.541,-104.644,-104.458
"20231212_CollinsAerospace_CAT_Methane.csv","2023 Q4 - October, November, December","CollinsAerospace","2023-12-12",9717,"17:46:08","23:13:31",2.082,3.862,38.217,39.785,-105.058,-104.458
"20231213_SuncorP66_CAT_Methane.csv","2023 Q4 - October, November, December","SuncorP66","2023-12-13",6245,"18:23:02","21:39:27",2.131,4.66,39.743,39.837,-105.008,-104.877
"20231214_HEPTerminal_CAT_Methane.csv","2023 Q4 - October, November, December","HEPTerminal","2023-12-14",6314,"17:00:40","21:57:24",2.296,7.076,39.781,39.914,-104.951,-104.839
"20231219_SuncorP66_CAT_Methane.csv","2023 Q4 - October, November, December","SuncorP66","2023-12-19",7684,"17:09:59","21:32:11",2.006,11.405,39.743,39.834,-105.115,-104.877
"20240111_SuncorP66_CAT_Methane.csv","2024 Q1 - January, February, March","SuncorP66","2024-01-11",6611,"16:53:29","20:42:56",2.078,5.53,39.743,39.834,-105.103,-104.877
"20240326_SuncorP66_CAT_Methane.csv","2024 Q1 - January, February, March","SuncorP66","2024-03-26",7600,"16:58:24","22:03:47",2.257,9.458,39.743,39.834,-105.006,-104.877
"20240329_HEPTerminal_CAT_Methane.csv","2024 Q1 - January, February, March","HEPTerminal","2024-03-29",6069,"16:03:24","21:06:04",2.033,3.542,39.784,39.914,-105.11,-104.823
"20240403_HEPTerminal_CAT_Methane.csv","2024 Q2 - April, May, June","HEPTerminal","2024-04-03",5779,"16:38:44","21:04:24",1.98,3.638,39.783,39.914,-105.11,-104.823
"20240404_SuncorP66_CAT_Methane.csv","2024 Q2 - April, May, June","SuncorP66","2024-04-04",9568,"16:02:27","21:25:56",1.979,6.07,39.743,39.834,-105.11,-104.877
"20240405_HEPTerminal_CAT_Methane.csv","2024 Q2 - April, May, June","HEPTerminal","2024-04-05",8984,"16:26:24","21:29:31",1.981,8.519,39.78,39.914,-105.11,-104.823
"20240409_CollinsAerospace_CAT_Methane.csv","2024 Q2 - April, May, June","CollinsAerospace","2024-04-09",14158,"14:28:01","22:24:39",2.029,2.651,38.217,39.785,-105.051,-104.458
"20240411_HEPTerminal_CAT_Methane.csv","2024 Q2 - April, May, June","HEPTerminal","2024-04-11",7199,"16:17:52","20:20:10",2.013,2.445,39.823,39.914,-104.968,-104.823
"20240412_SuncorP66_CAT_Methane.csv","2024 Q2 - April, May, June","SuncorP66","2024-04-12",6939,"16:20:35","20:14:20",1.982,4.6,39.743,39.841,-105.008,-104.877
"20240416_SuncorP66_CAT_Methane.csv","2024 Q2 - April, May, June","SuncorP66","2024-04-16",6597,"16:15:24","20:19:39",1.989,4.132,39.743,39.834,-105.006,-104.877
"20240418_HEPTerminal_CAT_Methane.csv","2024 Q2 - April, May, June","HEPTerminal","2024-04-18",8399,"16:03:41","21:10:23",2.044,5.666,39.78,39.914,-105.11,-104.823
"20240419_SuncorP66_CAT_Methane.csv","2024 Q2 - April, May, June","SuncorP66","2024-04-19",6583,"16:41:58","20:24:04",2.081,5.777,39.743,39.834,-104.987,-104.877
"20240423_HEPTerminal_CAT_Methane.csv","2024 Q2 - April, May, June","HEPTerminal","2024-04-23",7966,"16:23:17","20:51:25",2.022,3.751,39.783,39.914,-105.109,-104.823
"20240430_SuncorP66_CAT_Methane.csv","2024 Q2 - April, May, June","SuncorP66","2024-04-30",8998,"16:35:58","21:47:56",2.016,4.595,39.743,39.834,-105.11,-104.877
"20240502_CollinsAerospace_CAT_Methane.csv","2024 Q2 - April, May, June","CollinsAerospace","2024-05-02",9055,"14:59:37","20:59:58",2.006,3.142,38.218,39.568,-105.132,-104.488
"20240503_HEPTerminal_CAT_Methane.csv","2024 Q2 - April, May, June","HEPTerminal","2024-05-03",8568,"15:32:55","20:43:17",2.001,3.425,39.78,39.914,-105.11,-104.823
"20240509_SuncorP66_CAT_Methane.csv","2024 Q2 - April, May, June","SuncorP66","2024-05-09",9511,"15:56:18","21:56:02",2.037,4.937,39.742,39.83,-105.103,-104.877
"20240510_HEPTerminal_CAT_Methane.csv","2024 Q2 - April, May, June","HEPTerminal","2024-05-10",9208,"15:50:02","20:47:09",2.033,14.127,39.783,39.914,-105.11,-104.823
"20240628_SuncorP66_CAT_Methane.csv","2024 Q2 - April, May, June","SuncorP66","2024-06-28",1338,"16:35:10","17:55:50",1.958,2.046,39.774,39.793,-105.11,-104.948
"20240820_SuncorP66_CAT_Methane.csv","2024 Q3 - July, August, September","SuncorP66","2024-08-20",5152,"17:19:00","21:17:24",1.953,6.086,39.743,39.834,-105.006,-104.877
"20240822_HEPTerminal_CAT_Methane.csv","2024 Q3 - July, August, September","HEPTerminal","2024-08-22",6489,"15:17:02","19:55:39",2.058,3.204,39.784,39.914,-105.109,-104.823
"20240830_HEPTerminal_CAT_Methane.csv","2024 Q3 - July, August, September","HEPTerminal","2024-08-30",7203,"15:49:19","20:32:50",1.995,2.294,39.783,39.914,-105.11,-104.823
"20240905_HEPTerminal_CAT_Methane.csv","2024 Q3 - July, August, September","HEPTerminal","2024-09-05",5623,"16:12:12","20:11:15",2.003,2.175,39.831,39.914,-104.94,-104.823
"20240906_SuncorP66_CAT_Methane.csv","2024 Q3 - July, August, September","SuncorP66","2024-09-06",6613,"16:26:34","20:46:27",1.984,5.157,39.743,39.834,-105.09,-104.877
"20240910_CollinsAerospace_CAT_Methane.csv","2024 Q3 - July, August, September","CollinsAerospace","2024-09-10",6848,"15:37:59","21:03:14",1.97,2.448,38.218,39.665,-104.924,-104.458
"20240916_CollinsAerospace_CAT_Methane.csv","2024 Q3 - July, August, September","CollinsAerospace","2024-09-16",6255,"16:05:23","20:55:49",1.99,2.653,38.218,39.508,-104.898,-104.459
"20240917_CollinsAerospace_CAT_Methane.csv","2024 Q3 - July, August, September","CollinsAerospace","2024-09-17",5463,"14:51:47","19:51:57",2.005,12.887,38.218,39.555,-104.87,-104.458
"20240918_SuncorP66_CAT_Methane.csv","2024 Q3 - July, August, September","SuncorP66","2024-09-18",3227,"17:24:23","20:42:01",1.985,5.304,39.744,39.834,-105.008,-104.877
"20240924_CollinsAerospace_CAT_Methane.csv","2024 Q3 - July, August, September","CollinsAerospace","2024-09-24",6013,"14:45:57","20:36:40",1.995,2.351,38.218,39.785,-105.103,-104.458
"20240925_CollinsAerospace_CAT_Methane.csv","2024 Q3 - July, August, September","CollinsAerospace","2024-09-25",4753,"17:00:01","21:32:49",2.006,2.575,38.227,39.685,-104.961,-104.458
"20241002_HEPTerminal_CAT_Methane.csv","2024 Q4 - October, November, December","HEPTerminal","2024-10-02",3740,"15:43:30","20:27:01",1.984,3.611,39.785,39.914,-105.109,-104.865
"20241003_SuncorP66_CAT_Methane.csv","2024 Q4 - October, November, December","SuncorP66","2024-10-03",6078,"16:21:54","20:58:29",2.033,5.384,39.743,39.834,-105.11,-104.877
"20241004_HEPTerminal_CAT_Methane.csv","2024 Q4 - October, November, December","HEPTerminal","2024-10-04",1960,"16:27:00","17:45:06",2.131,2.968,39.828,39.896,-104.922,-104.824
"20241009_HEPTerminal_CAT_Methane.csv","2024 Q4 - October, November, December","HEPTerminal","2024-10-09",5327,"15:59:42","19:41:48",1.996,3.504,39.784,39.914,-105.11,-104.812
"20241017_HEPTerminal_CAT_Methane.csv","2024 Q4 - October, November, December","HEPTerminal","2024-10-17",5384,"15:40:01","20:41:19",2.006,3.13,39.784,39.915,-105.11,-104.823
"20241018_SuncorP66_CAT_Methane.csv","2024 Q4 - October, November, December","SuncorP66","2024-10-18",6698,"15:45:38","20:00:46",2.058,5.801,39.743,39.834,-105.11,-104.877
"20241022_HEPTerminal_CAT_Methane.csv","2024 Q4 - October, November, December","HEPTerminal","2024-10-22",6969,"15:46:09","19:54:53",1.985,2.981,39.784,39.915,-105.11,-104.823
"20241024_HEPTerminal_CAT_Methane.csv","2024 Q4 - October, November, December","HEPTerminal","2024-10-24",5708,"15:39:23","20:01:01",1.999,5.535,39.828,39.914,-104.94,-104.823
"20241025_SuncorP66_CAT_Methane.csv","2024 Q4 - October, November, December","SuncorP66","2024-10-25",4909,"15:34:32","19:14:27",2.098,4.281,39.743,39.834,-105.06,-104.877
"20241029_SuncorP66_CAT_Methane.csv","2024 Q4 - October, November, December","SuncorP66","2024-10-29",5220,"17:36:44","20:57:07",2.086,4.072,39.743,39.834,-105.109,-104.884
"20241031_HEPTerminal_CAT_Methane.csv","2024 Q4 - October, November, December","HEPTerminal","2024-10-31",7659,"15:20:46","20:20:09",2.025,4.807,39.784,39.915,-105.11,-104.823
"20241101_SuncorP66_CAT_Methane.csv","2024 Q4 - October, November, December","SuncorP66","2024-11-01",6882,"15:48:33","20:20:29",2.065,8.234,39.743,39.834,-105.055,-104.877
"20241105_CollinsAerospace_CAT_Methane.csv","2024 Q4 - October, November, December","CollinsAerospace","2024-11-05",7547,"15:47:09","22:36:51",2.023,3.805,38.216,39.785,-105.103,-104.497
"20241113_SuncorP66_CAT_Methane.csv","2024 Q4 - October, November, December","SuncorP66","2024-11-13",7183,"18:35:04","23:05:56",2.07,5.321,39.743,39.834,-105.006,-104.877
"20241114_SuncorP66_CAT_Methane.csv","2024 Q4 - October, November, December","SuncorP66","2024-11-14",7357,"16:58:01","21:59:36",2.325,9.139,39.743,39.834,-105.11,-104.877
"20241115_HEPTerminal_CAT_Methane.csv","2024 Q4 - October, November, December","HEPTerminal","2024-11-15",6547,"16:05:51","20:40:54",2.221,10.301,39.783,39.914,-105.11,-104.823
"20241119_CollinsAerospace_CAT_Methane.csv","2024 Q4 - October, November, December","CollinsAerospace","2024-11-19",7765,"16:30:37","22:15:44",2.023,3.22,38.217,39.771,-105.018,-104.458
"20241120_CollinsAerospace_CAT_Methane.csv","2024 Q4 - October, November, December","CollinsAerospace","2024-11-20",8345,"19:17:01","23:59:56",2.035,4.957,38.227,39.565,-104.919,-104.497
"20241121_HEPTerminal_CAT_Methane.csv","2024 Q4 - October, November, December","HEPTerminal","2024-11-21",7994,"16:16:30","21:28:03",2.275,3.374,39.783,39.915,-105.11,-104.823
"20241122_SuncorP66_CAT_Methane.csv","2024 Q4 - October, November, December","SuncorP66","2024-11-22",6374,"16:22:54","20:36:48",2.089,13.257,39.743,39.827,-105.11,-104.877
"20241126_CollinsAerospace_CAT_Methane.csv","2024 Q4 - October, November, December","CollinsAerospace","2024-11-26",7143,"16:22:19","21:32:06",2.056,3.591,38.161,39.719,-105.007,-104.497
"20241206_HEPTerminal_CAT_Methane.csv","2024 Q4 - October, November, December","HEPTerminal","2024-12-06",5274,"16:24:38","20:29:30",2.05,6.212,39.784,39.914,-105.11,-104.824
"20241210_CollinsAerospace_CAT_Methane.csv","2024 Q4 - October, November, December","CollinsAerospace","2024-12-10",8782,"16:08:02","22:58:20",2.026,4.543,38.218,39.784,-105.175,-104.458
"20241217_SuncorP66_CAT_Methane.csv","2024 Q4 - October, November, December","SuncorP66","2024-12-17",8447,"16:38:45","21:05:44",2.049,16.406,39.743,39.834,-105.11,-104.877
"20241218_HEPTerminal_CAT_Methane.csv","2024 Q4 - October, November, December","HEPTerminal","2024-12-18",7971,"16:12:44","21:00:21",2.314,6.296,39.783,39.915,-105.11,-104.823
"20250122_SuncorP66_CAT_Methane.csv","2025 Q1 - January, February, March","SuncorP66","2025-01-22",17759,"16:08:24","21:42:22",2.042,5.674,39.744,39.834,-105.11,-104.877
"20250225_HEPTerminal_CAT_Methane.csv","2025 Q1 - January, February, March","HEPTerminal","2025-02-25",15394,"16:32:43","21:16:00",1.993,3.602,39.783,39.915,-105.11,-104.823
"20250612_CollinsAerospace_CAT_Methane.csv","2025 Q2 - April, May, June","CollinsAerospace","2025-06-12",20391,"14:35:26","21:56:57",1.966,2.846,38.216,39.788,-105.129,-104.458
"20250616_HEPTerminal_CAT_Methane.csv","2025 Q2 - April, May, June","HEPTerminal","2025-06-16",11574,"18:30:00","23:23:00",1.986,5.746,39.783,39.914,-105.11,-104.823
"20250617_SuncorP66_CAT_Methane.csv","2025 Q2 - April, May, June","SuncorP66","2025-06-17",14667,"15:25:27","20:25:10",2.006,4.107,39.743,39.834,-105.11,-104.877
"20250618_CollinsAerospace_CAT_Methane.csv","2025 Q2 - April, May, June","CollinsAerospace","2025-06-18",21139,"15:13:27","22:31:16",1.974,2.822,38.216,39.786,-105.11,-104.458
"20250620_SuncorP66_CAT_Methane.csv","2025 Q2 - April, May, June","SuncorP66","2025-06-20",16498,"15:20:56","20:42:02",1.954,5.567,39.743,39.834,-105.11,-104.877
"20250623_SuncorP66_CAT_Methane.csv","2025 Q2 - April, May, June","SuncorP66","2025-06-23",886,"18:38:46","19:34:10",2.024,2.121,39.781,39.786,-105.11,-105.1
"20250702_CollinsAerospace_CAT_Methane.csv","2025 Q3 - July, August, September","CollinsAerospace","2025-07-02",18989,"14:56:41","22:33:01",1.977,2.346,38.216,39.788,-105.196,-104.458
"20250703_HEPTerminal_CAT_Methane.csv","2025 Q3 - July, August, September","HEPTerminal","2025-07-03",10792,"15:25:46","19:56:30",2.253,2.771,39.783,39.914,-105.11,-104.819
"20250711_SuncorP66_CAT_Methane.csv","2025 Q3 - July, August, September","SuncorP66","2025-07-11",14449,"15:10:10","19:38:31",2.062,3.763,39.743,39.834,-105.11,-104.877
"20250716_SuncorP66_CAT_Methane.csv","2025 Q3 - July, August, September","SuncorP66","2025-07-16",14575,"15:22:59","19:45:51",2.046,4.417,39.743,39.834,-105.11,-104.877
"20250717_CollinsAerospace_CAT_Methane.csv","2025 Q3 - July, August, September","CollinsAerospace","2025-07-17",19566,"14:19:24","21:46:38",2.015,2.7,38.216,39.79,-105.194,-104.458
"20250722_SuncorP66_CAT_Methane.csv","2025 Q3 - July, August, September","SuncorP66","2025-07-22",10059,"15:24:48","19:39:06",1.998,8.379,39.743,39.834,-105.11,-104.877
"20250723_HEPTerminal_CAT_Methane.csv","2025 Q3 - July, August, September","HEPTerminal","2025-07-23",15675,"15:28:10","20:24:21",2.011,2.488,39.783,39.914,-105.11,-104.823
"20250725_SuncorP66_CAT_Methane.csv","2025 Q3 - July, August, September","SuncorP66","2025-07-25",10732,"14:28:35","18:54:45",1.977,6.399,39.743,39.834,-105.11,-104.877
"20250729_HEPTerminal_CAT_Methane.csv","2025 Q3 - July, August, September","HEPTerminal","2025-07-29",13686,"15:32:49","20:23:46",2.083,3.515,39.783,39.914,-105.11,-104.823
"20250730_SuncorP66_CAT_Methane.csv","2025 Q3 - July, August, September","SuncorP66","2025-07-30",14528,"15:12:57","19:34:27",1.996,5.121,39.743,39.834,-105.11,-104.877
"20250801_HEPTerminal_CAT_Methane.csv","2025 Q3 - July, August, September","HEPTerminal","2025-08-01",14485,"15:19:42","19:57:02",2.133,3.03,39.783,39.914,-105.11,-104.823
"20250822_HEPTerminal_CAT_Methane.csv","2025 Q3 - July, August, September","HEPTerminal","2025-08-22",13228,"14:50:47","19:24:56",2.022,3.295,39.783,39.914,-105.11,-104.823
"20250826_HEPTerminal_CAT_Methane.csv","2025 Q3 - July, August, September","HEPTerminal","2025-08-26",13262,"17:12:01","21:16:04",2.179,3.529,39.784,39.914,-105.11,-104.823
"20250827_HEPTerminal_CAT_Methane.csv","2025 Q3 - July, August, September","HEPTerminal","2025-08-27",17924,"15:19:00","20:37:50",2.121,8.22,39.783,39.914,-105.109,-104.823
"20250829_HEPTerminal_CAT_Methane.csv","2025 Q3 - July, August, September","HEPTerminal","2025-08-29",15314,"15:29:43","20:04:44",2.028,4.133,39.783,39.914,-105.11,-104.823
"20250903_SuncorP66_CAT_Methane.csv","2025 Q3 - July, August, September","SuncorP66","2025-09-03",13919,"15:38:40","19:59:59",2.008,4.88,39.743,39.834,-105.11,-104.877
