"file","site","date","n","n_plume","ch4_bg_med","ch4_enh_p95","ch4_enh_max"
"20230216_HEPTerminal_CAT_Methane.csv","HEPTerminal","2023-02-16",16174,6894,2.019,0.046,1.291
"20230224_SuncorP66_CAT_Methane.csv","SuncorP66","2023-02-24",16634,7033,2.252,0.054,2.531
"20230301_SuncorP66_CAT_Methane.csv","SuncorP66","2023-03-01",12862,6276,2.116,0.064,4.686
"20230308_HEPTerminal_CAT_Methane.csv","HEPTerminal","2023-03-08",17206,8937,2.043,0.027,0.363
"20230309_SuncorP66_CAT_Methane.csv","SuncorP66","2023-03-09",16770,6613,1.984,0.034,3.683
"20230313_SuncorP66_CAT_Methane.csv","SuncorP66","2023-03-13",18152,10296,2.042,0.04,2.971
"20230315_HEPTerminal_CAT_Methane.csv","HEPTerminal","2023-03-15",15675,11864,1.962,0.033,1.195
"20230321_HEPTerminal_CAT_Methane.csv","HEPTerminal","2023-03-21",16685,13394,1.993,0.023,1.174
"20230322_SuncorP66_CAT_Methane.csv","SuncorP66","2023-03-22",8466,3243,2.073,0.046,0.963
"20230323_HEPTerminal_CAT_Methane.csv","HEPTerminal","2023-03-23",11399,3692,2.084,0.025,0.451
"20230420_SuncorP66_CAT_Methane.csv","SuncorP66","2023-04-20",7196,1991,1.998,0.021,1.917
"20230424_HEPTerminal_CAT_Methane.csv","HEPTerminal","2023-04-24",7987,3233,2.006,0.029,0.426
"20230426_SuncorP66_CAT_Methane.csv","SuncorP66","2023-04-26",8029,4417,2.056,0.053,3.291
"20230427_HEPTerminal_CAT_Methane.csv","HEPTerminal","2023-04-27",6345,2002,1.974,0.028,0.744
"20230503_HEPTerminal_CAT_Methane.csv","HEPTerminal","2023-05-03",8091,2704,1.963,0.023,1.188
"20230504_SuncorP66_CAT_Methane.csv","SuncorP66","2023-05-04",6583,3330,1.975,0.063,5.549
"20230508_CollinsAerospace_CAT_Methane.csv","CollinsAerospace","2023-05-08",8049,1719,1.979,0.016,0.397
"20230509_CollinsAerospace_CAT_Methane.csv","CollinsAerospace","2023-05-09",9253,2802,1.98,0.019,0.823
"20230515_SuncorP66_CAT_Methane.csv","SuncorP66","2023-05-15",7411,3279,2.081,0.05,0.6
"20230516_HEPTerminal_CAT_Methane.csv","HEPTerminal","2023-05-16",8613,3289,1.984,0.039,0.269
"20230517_SuncorP66_CAT_Methane.csv","SuncorP66","2023-05-17",6893,1470,1.979,0.131,0.627
"20230522_CollinsAerospace_CAT_Methane.csv","CollinsAerospace","2023-05-22",8262,2670,2,0.048,0.726
"20230523_CollinsAerospace_CAT_Methane.csv","CollinsAerospace","2023-05-23",7129,1224,2.013,0.011,1.297
"20230530_SuncorP66_CAT_Methane.csv","SuncorP66","2023-05-30",7169,2533,1.991,0.085,1.032
"20230531_HEPTerminal_CAT_Methane.csv","HEPTerminal","2023-05-31",8398,2972,1.983,0.111,1.495
"20230607_CollinsAerospace_CAT_Methane.csv","CollinsAerospace","2023-06-07",8805,4403,1.981,0.029,0.546
"20230608_CollinsAerospace_CAT_Methane.csv","CollinsAerospace","2023-06-08",9079,1992,1.957,0.015,0.797
"20230614_SuncorP66_CAT_Methane.csv","SuncorP66","2023-06-14",9618,2675,1.98,0.088,0.345
"20230615_HEPTerminal_CAT_Methane.csv","HEPTerminal","2023-06-15",8997,3142,2.053,0.101,1.797
"20230616_HEPTerminal_CAT_Methane.csv","HEPTerminal","2023-06-16",11582,4981,2.058,0.043,2.401
"20230621_HEPTerminal_CAT_Methane.csv","HEPTerminal","2023-06-21",6594,2712,2.113,0.077,1.308
"20230622_SuncorP66_CAT_Methane.csv","SuncorP66","2023-06-22",5774,1677,1.964,0.022,0.21
"20230623_HEPTerminal_CAT_Methane.csv","HEPTerminal","2023-06-23",6414,3455,2.074,0.069,0.975
"20230626_CollinsAerospace_CAT_Methane.csv","CollinsAerospace","2023-06-26",8713,4853,1.989,0.041,1.438
"20230627_CollinsAerospace_CAT_Methane.csv","CollinsAerospace","2023-06-27",7493,2264,1.927,0.024,1.582
"20230711_SuncorP66_CAT_Methane.csv","SuncorP66","2023-07-11",5978,2871,1.943,0.03,0.517
"20230712_HEPTerminal_CAT_Methane.csv","HEPTerminal","2023-07-12",8323,2792,2.004,0.035,0.432
"20230713_SuncorP66_CAT_Methane.csv","SuncorP66","2023-07-13",7776,2678,1.984,0.043,0.867
"20230717_SuncorP66_CAT_Methane.csv","SuncorP66","2023-07-17",5663,1986,1.974,0.032,0.537
"20230718_HEPTerminal_CAT_Methane.csv","HEPTerminal","2023-07-18",6535,1494,1.938,0.016,0.934
"20230720_SuncorP66_CAT_Methane.csv","SuncorP66","2023-07-20",7780,2842,2.006,0.08,1.405
"20230721_SuncorP66_CAT_Methane.csv","SuncorP66","2023-07-21",7659,3144,1.992,0.035,1.282
"20230724_CollinsAerospace_CAT_Methane.csv","CollinsAerospace","2023-07-24",7654,4089,1.942,0.09,0.512
"20230802_SuncorP66_CAT_Methane.csv","SuncorP66","2023-08-02",8065,2388,1.998,0.076,1.18
"20230803_HEPTerminal_CAT_Methane.csv","HEPTerminal","2023-08-03",7415,2332,1.957,0.048,2.088
"20230808_SuncorP66_CAT_Methane.csv","SuncorP66","2023-08-08",6239,2728,2.122,0.053,0.903
"20230810_HEPTerminal_CAT_Methane.csv","HEPTerminal","2023-08-10",8650,3508,1.979,0.118,9.434
"20230814_HEPTerminal_CAT_Methane.csv","HEPTerminal","2023-08-14",7223,2575,2.02,0.036,1.38
"20230815_SuncorP66_CAT_Methane.csv","SuncorP66","2023-08-15",5301,1754,2.02,0.053,0.462
"20230823_CollinsAerospace_CAT_Methane.csv","CollinsAerospace","2023-08-23",9124,4396,1.993,0.031,0.514
"20230831_CollinsAerospace_CAT_Methane.csv","CollinsAerospace","2023-08-31",7354,4487,1.937,0.074,0.611
"20230901_CollinsAerospace_CAT_Methane.csv","CollinsAerospace","2023-09-01",8703,4676,1.951,0.106,0.263
"20230905_HEPTerminal_CAT_Methane.csv","HEPTerminal","2023-09-05",3802,1393,2.015,0.013,0.115
"20230906_SuncorP66_CAT_Methane.csv","SuncorP66","2023-09-06",5501,1550,1.962,0.061,2.295
"20230907_HEPTerminal_CAT_Methane.csv","HEPTerminal","2023-09-07",6835,3843,1.972,0.168,1.4
"20230911_CollinsAerospace_CAT_Methane.csv","CollinsAerospace","2023-09-11",7409,6318,2.004,0.046,0.453
"20230912_CollinsAerospace_CAT_Methane.csv","CollinsAerospace","2023-09-12",6851,2390,2.048,0.044,0.266
"20230920_SuncorP66_CAT_Methane.csv","SuncorP66","2023-09-20",4314,2257,1.954,0.039,0.859
"20230922_HEPTerminal_CAT_Methane.csv","HEPTerminal","2023-09-22",7537,3345,2.004,0.041,0.495
"20230925_CollinsAerospace_CAT_Methane.csv","CollinsAerospace","2023-09-25",6730,1421,1.99,0.014,2.2
"20230926_CollinsAerospace_CAT_Methane.csv","CollinsAerospace","2023-09-26",6968,2231,1.973,0.023,2.875
"20230927_SuncorP66_CAT_Methane.csv","SuncorP66","2023-09-27",5490,2542,1.977,0.036,1.313
"20231004_SuncorP66_CAT_Methane.csv","SuncorP66","2023-10-04",4922,1413,1.989,0.02,1.555
"20231005_HEPTerminal_CAT_Methane.csv","HEPTerminal","2023-10-05",5052,2158,2.026,0.02,0.691
"20231006_SuncorP66_CAT_Methane.csv","SuncorP66","2023-10-06",5499,3139,2.02,0.042,2.115
"20231011_CollinsAerospace_CAT_Methane.csv","CollinsAerospace","2023-10-11",6188,3160,1.963,0.084,0.503
"20231017_SuncorP66_CAT_Methane.csv","SuncorP66","2023-10-17",5930,3306,1.999,0.053,6.965
"20231018_HEPTerminal_CAT_Methane.csv","HEPTerminal","2023-10-18",6934,3817,2.005,0.048,0.552
"20231019_SuncorP66_CAT_Methane.csv","SuncorP66","2023-10-19",6129,2605,1.993,0.035,5.383
"20231020_HEPTerminal_CAT_Methane.csv","HEPTerminal","2023-10-20",7428,2527,1.988,0.037,2.687
"20231024_CollinsAerospace_CAT_Methane.csv","CollinsAerospace","2023-10-24",6638,3601,2.102,0.09,2.844
"20231025_CollinsAerospace_CAT_Methane.csv","CollinsAerospace","2023-10-25",8612,4749,2.085,0.039,5.026
"20231027_HEPTerminal_CAT_Methane.csv","HEPTerminal","2023-10-27",5413,4263,2.026,0.024,0.467
"20231031_SuncorP66_CAT_Methane.csv","SuncorP66","2023-10-31",5961,2445,2.162,0.1,19.216
"20231101_HEPTerminal_CAT_Methane.csv","HEPTerminal","2023-11-01",7851,3590,2.111,0.137,10.583
"20231102_SuncorP66_CAT_Methane.csv","SuncorP66","2023-11-02",5332,2976,1.989,0.048,2.649
"20231114_HEPTerminal_CAT_Methane.csv","HEPTerminal","2023-11-14",5015,2096,2.02,0.019,2.185
"20231115_SuncorP66_CAT_Methane.csv","SuncorP66","2023-11-15",5572,2925,2.01,0.061,6.925
"20231116_HEPTerminal_CAT_Methane.csv","HEPTerminal","2023-11-16",7149,3584,1.985,0.056,0.549
"20231120_CollinsAerospace_CAT_Methane.csv","CollinsAerospace","2023-11-20",7348,1559,1.997,0.012,0.5
"20231121_CollinsAerospace_CAT_Methane.csv","CollinsAerospace","2023-11-21",7248,3047,2.006,0.044,0.571
"20231129_CollinsAerospace_CAT_Methane.csv","CollinsAerospace","2023-11-29",5277,2938,1.974,0.226,8.837
"20231130_CollinsAerospace_CAT_Methane.csv","CollinsAerospace","2023-11-30",9122,3763,1.995,0.054,1.985
"20231205_HEPTerminal_CAT_Methane.csv","HEPTerminal","2023-12-05",9351,4465,2.046,0.089,12.744
"20231208_HEPTerminal_CAT_Methane.csv","HEPTerminal","2023-12-08",3830,1216,2.013,0.089,1.439
"20231211_CollinsAerospace_CAT_Methane.csv","CollinsAerospace","2023-12-11",6281,3319,2.013,0.054,2.839
"20231212_CollinsAerospace_CAT_Methane.csv","CollinsAerospace","2023-12-12",9717,5696,2.074,0.056,1.79
"20231213_SuncorP66_CAT_Methane.csv","SuncorP66","2023-12-13",6245,3287,2.119,0.046,2.519
"20231214_HEPTerminal_CAT_Methane.csv","HEPTerminal","2023-12-14",6314,3630,2.289,0.065,4.775
"20231219_SuncorP66_CAT_Methane.csv","SuncorP66","2023-12-19",7684,3623,1.983,0.126,9.405
"20240111_SuncorP66_CAT_Methane.csv","SuncorP66","2024-01-11",6611,2939,2.071,0.05,3.451
"20240326_SuncorP66_CAT_Methane.csv","SuncorP66","2024-03-26",7600,3660,2.248,0.039,7.186
"20240329_HEPTerminal_CAT_Methane.csv","HEPTerminal","2024-03-29",6069,1972,2.029,0.026,1.511
"20240403_HEPTerminal_CAT_Methane.csv","HEPTerminal","2024-04-03",5779,4616,1.978,0.03,1.655
"20240404_SuncorP66_CAT_Methane.csv","SuncorP66","2024-04-04",9568,3016,1.976,0.026,4.096
"20240405_HEPTerminal_CAT_Methane.csv","HEPTerminal","2024-04-05",8984,2879,1.979,0.067,6.543
"20240409_CollinsAerospace_CAT_Methane.csv","CollinsAerospace","2024-04-09",14158,4111,2.026,0.018,0.625
"20240411_HEPTerminal_CAT_Methane.csv","HEPTerminal","2024-04-11",7199,2320,2.01,0.018,0.415
"20240412_SuncorP66_CAT_Methane.csv","SuncorP66","2024-04-12",6939,2260,1.979,0.038,2.622
"20240416_SuncorP66_CAT_Methane.csv","SuncorP66","2024-04-16",6597,2641,1.984,0.031,2.148
"20240418_HEPTerminal_CAT_Methane.csv","HEPTerminal","2024-04-18",8399,3143,2.04,0.033,3.626
"20240419_SuncorP66_CAT_Methane.csv","SuncorP66","2024-04-19",6583,2741,2.072,0.044,3.707
"20240423_HEPTerminal_CAT_Methane.csv","HEPTerminal","2024-04-23",7966,3451,2.018,0.044,1.732
"20240430_SuncorP66_CAT_Methane.csv","SuncorP66","2024-04-30",8998,3051,2.012,0.023,2.586
"20240502_CollinsAerospace_CAT_Methane.csv","CollinsAerospace","2024-05-02",9055,2196,2.003,0.031,1.141
"20240503_HEPTerminal_CAT_Methane.csv","HEPTerminal","2024-05-03",8568,2777,1.999,0.044,1.429
"20240509_SuncorP66_CAT_Methane.csv","SuncorP66","2024-05-09",9511,4115,2.034,0.037,2.897
"20240510_HEPTerminal_CAT_Methane.csv","HEPTerminal","2024-05-10",9208,2878,2.029,0.026,12.09
"20240628_SuncorP66_CAT_Methane.csv","SuncorP66","2024-06-28",1338,504,1.95,0.024,0.095
"20240820_SuncorP66_CAT_Methane.csv","SuncorP66","2024-08-20",5152,2056,1.947,0.025,4.13
"20240822_HEPTerminal_CAT_Methane.csv","HEPTerminal","2024-08-22",6489,3206,2.047,0.056,1.094
"20240830_HEPTerminal_CAT_Methane.csv","HEPTerminal","2024-08-30",7203,2095,1.992,0.028,0.255
"20240905_HEPTerminal_CAT_Methane.csv","HEPTerminal","2024-09-05",5623,2437,1.999,0.016,0.186
"20240906_SuncorP66_CAT_Methane.csv","SuncorP66","2024-09-06",6613,1987,1.98,0.022,3.179
"20240910_CollinsAerospace_CAT_Methane.csv","CollinsAerospace","2024-09-10",6848,1413,1.968,0.018,0.481
"20240916_CollinsAerospace_CAT_Methane.csv","CollinsAerospace","2024-09-16",6255,3351,1.978,0.083,0.676
"20240917_CollinsAerospace_CAT_Methane.csv","CollinsAerospace","2024-09-17",5463,2102,1.995,0.039,10.889
"20240918_SuncorP66_CAT_Methane.csv","SuncorP66","2024-09-18",3227,725,1.983,0.021,3.317
"20240924_CollinsAerospace_CAT_Methane.csv","CollinsAerospace","2024-09-24",6013,1173,1.991,0.019,0.361
"20240925_CollinsAerospace_CAT_Methane.csv","CollinsAerospace","2024-09-25",4753,1944,2.002,0.022,0.566
"20241002_HEPTerminal_CAT_Methane.csv","HEPTerminal","2024-10-02",3740,1180,1.981,0.107,1.625
"20241003_SuncorP66_CAT_Methane.csv","SuncorP66","2024-10-03",6078,2386,2.029,0.031,3.354
"20241004_HEPTerminal_CAT_Methane.csv","HEPTerminal","2024-10-04",1960,828,2.127,0.019,0.839
"20241009_HEPTerminal_CAT_Methane.csv","HEPTerminal","2024-10-09",5327,2276,1.987,0.045,1.477
"20241017_HEPTerminal_CAT_Methane.csv","HEPTerminal","2024-10-17",5384,1942,2.002,0.029,1.139
"20241018_SuncorP66_CAT_Methane.csv","SuncorP66","2024-10-18",6698,3322,2.05,0.034,3.753
"20241022_HEPTerminal_CAT_Methane.csv","HEPTerminal","2024-10-22",6969,1768,1.982,0.027,0.927
"20241024_HEPTerminal_CAT_Methane.csv","HEPTerminal","2024-10-24",5708,2557,1.996,0.434,2.619
"20241025_SuncorP66_CAT_Methane.csv","SuncorP66","2024-10-25",4909,1969,2.083,0.047,2.223
"20241029_SuncorP66_CAT_Methane.csv","SuncorP66","2024-10-29",5220,2331,2.075,0.056,2.032
"20241031_HEPTerminal_CAT_Methane.csv","HEPTerminal","2024-10-31",7659,2676,2.022,0.036,2.735
"20241101_SuncorP66_CAT_Methane.csv","SuncorP66","2024-11-01",6882,3199,2.034,0.146,5.973
"20241105_CollinsAerospace_CAT_Methane.csv","CollinsAerospace","2024-11-05",7547,3644,2.014,0.057,1.802
"20241113_SuncorP66_CAT_Methane.csv","SuncorP66","2024-11-13",7183,3474,2.05,0.072,3.293
"20241114_SuncorP66_CAT_Methane.csv","SuncorP66","2024-11-14",7357,3392,2.263,0.215,6.498
"20241115_HEPTerminal_CAT_Methane.csv","HEPTerminal","2024-11-15",6547,3205,2.206,0.284,7.631
"20241119_CollinsAerospace_CAT_Methane.csv","CollinsAerospace","2024-11-19",7765,2422,2.019,0.015,1.205
"20241120_CollinsAerospace_CAT_Methane.csv","CollinsAerospace","2024-11-20",8345,3440,2.028,0.029,2.934
"20241121_HEPTerminal_CAT_Methane.csv","HEPTerminal","2024-11-21",7994,3930,2.253,0.088,1.032
"20241122_SuncorP66_CAT_Methane.csv","SuncorP66","2024-11-22",6374,2896,2.061,0.294,10.772
"20241126_CollinsAerospace_CAT_Methane.csv","CollinsAerospace","2024-11-26",7143,3263,2.029,0.082,1.374
"20241206_HEPTerminal_CAT_Methane.csv","HEPTerminal","2024-12-06",5274,1986,2.04,0.052,4.162
"20241210_CollinsAerospace_CAT_Methane.csv","CollinsAerospace","2024-12-10",8782,4341,2.021,0.049,2.513
"20241217_SuncorP66_CAT_Methane.csv","SuncorP66","2024-12-17",8447,4150,2.033,0.081,14.041
"20241218_HEPTerminal_CAT_Methane.csv","HEPTerminal","2024-12-18",7971,3863,2.277,0.212,3.934
"20250122_SuncorP66_CAT_Methane.csv","SuncorP66","2025-01-22",17759,8525,2.033,0.058,3.616
"20250225_HEPTerminal_CAT_Methane.csv","HEPTerminal","2025-02-25",15394,12053,1.992,0.049,1.579
"20250612_CollinsAerospace_CAT_Methane.csv","CollinsAerospace","2025-06-12",20391,5634,1.963,0.021,0.87
"20250616_HEPTerminal_CAT_Methane.csv","HEPTerminal","2025-06-16",11574,3851,1.98,0.029,3.774
"20250617_SuncorP66_CAT_Methane.csv","SuncorP66","2025-06-17",14667,7013,2.001,0.038,2.126
"20250618_CollinsAerospace_CAT_Methane.csv","CollinsAerospace","2025-06-18",21139,7026,1.97,0.022,0.856
"20250620_SuncorP66_CAT_Methane.csv","SuncorP66","2025-06-20",16498,6203,1.949,0.039,3.625
"20250623_SuncorP66_CAT_Methane.csv","SuncorP66","2025-06-23",886,497,1.913,0.147,0.213
"20250702_CollinsAerospace_CAT_Methane.csv","CollinsAerospace","2025-07-02",18989,4912,1.975,0.012,0.355
"20250703_HEPTerminal_CAT_Methane.csv","HEPTerminal","2025-07-03",10792,5290,2.235,0.053,0.585
"20250711_SuncorP66_CAT_Methane.csv","SuncorP66","2025-07-11",14449,6806,2.043,0.057,1.749
"20250716_SuncorP66_CAT_Methane.csv","SuncorP66","2025-07-16",14575,5631,2.04,0.049,2.307
"20250717_CollinsAerospace_CAT_Methane.csv","CollinsAerospace","2025-07-17",19566,6431,2.013,0.025,0.679
"20250722_SuncorP66_CAT_Methane.csv","SuncorP66","2025-07-22",10059,5567,1.982,0.047,6.416
"20250723_HEPTerminal_CAT_Methane.csv","HEPTerminal","2025-07-23",15675,5627,2.008,0.019,0.49
"20250725_SuncorP66_CAT_Methane.csv","SuncorP66","2025-07-25",10732,5015,1.969,0.051,4.434
"20250729_HEPTerminal_CAT_Methane.csv","HEPTerminal","2025-07-29",13686,5967,2.078,0.024,1.429
"20250730_SuncorP66_CAT_Methane.csv","SuncorP66","2025-07-30",14528,6101,1.992,0.023,3.131
"20250801_HEPTerminal_CAT_Methane.csv","HEPTerminal","2025-08-01",14485,5743,2.122,0.048,0.948
"20250822_HEPTerminal_CAT_Methane.csv","HEPTerminal","2025-08-22",13228,5352,2.016,0.027,1.28
"20250826_HEPTerminal_CAT_Methane.csv","HEPTerminal","2025-08-26",13262,5180,2.171,0.048,1.36
"20250827_HEPTerminal_CAT_Methane.csv","HEPTerminal","2025-08-27",17924,9079,2.113,0.032,6.081
"20250829_HEPTerminal_CAT_Methane.csv","HEPTerminal","2025-08-29",15314,8950,2.016,0.055,2.001
"20250903_SuncorP66_CAT_Methane.csv","SuncorP66","2025-09-03",13919,7521,1.98,0.051,2.908
