"leg_id","n","lat","lon","mean_alt_m","agl_m","track_deg","length_km","ch4_enh_mean_ppb","U_perp_ms","wind_src","L_mol_per_m_s","region","flight"
1,71,40.352,-104.519,2363,914,-127.7,4.13,5.1,2.79,"aircraft",0.00176846955493442,"basin","AMMBEC-ARL-Suite_TwinOtter_20240628_R0.ict"
2,70,40.154,-104.902,2366,859,-97.1,3.78,1.4,3.02,"aircraft",0.000495063049768384,"basin","AMMBEC-ARL-Suite_TwinOtter_20240628_R0.ict"
3,91,40.089,-105.213,2359,767,-143.7,5.14,0.8,8.71,"aircraft",0.00125008664726368,"basin","AMMBEC-ARL-Suite_TwinOtter_20240628_R0.ict"
1,85,40.315,-105.029,3286,1776,37.9,10.64,2.7,3.67,"aircraft",0.00316149863846414,"basin","AMMBEC-ARL-Suite_TwinOtter_20240629_R0_L1.ict"
2,346,40.359,-104.779,3286,1833,85,28.8,2.4,4.4,"aircraft",0.00860674429075548,"basin","AMMBEC-ARL-Suite_TwinOtter_20240629_R0_L1.ict"
3,78,40.374,-104.541,3288,1866,85.1,6.61,2.3,3.97,"aircraft",0.00171654745467119,"basin","AMMBEC-ARL-Suite_TwinOtter_20240629_R0_L1.ict"
4,233,40.412,-104.438,3292,1895,-94.5,13.59,0.4,6.82,"aircraft",0.00110881890002036,"basin","AMMBEC-ARL-Suite_TwinOtter_20240629_R0_L1.ict"
5,79,40.418,-104.351,3296,1901,64,6.27,2,0.61,"aircraft",0.000219384962730602,"basin","AMMBEC-ARL-Suite_TwinOtter_20240629_R0_L1.ict"
6,91,40.557,-104.388,3294,1831,-47,5.87,1.7,11.91,"aircraft",0.00331453635921147,"basin","AMMBEC-ARL-Suite_TwinOtter_20240629_R0_L1.ict"
7,102,40.58,-104.611,3293,1825,-89.7,6.3,1.6,4.97,"aircraft",0.00144182825309822,"basin","AMMBEC-ARL-Suite_TwinOtter_20240629_R0_L1.ict"
8,91,40.579,-104.765,3305,1831,-90.3,5.42,0.6,5.1,"aircraft",0.000497427227772369,"basin","AMMBEC-ARL-Suite_TwinOtter_20240629_R0_L1.ict"
9,71,39.92,-105.255,2672,872,176.7,4.63,62.2,1.57,"aircraft",0.0143099872403396,"edge","AMMBEC-ARL-Suite_TwinOtter_20240629_R0_L1.ict"
10,111,39.959,-105.265,2669,914,1,7.67,59.1,1.86,"aircraft",0.0258847625306699,"edge","AMMBEC-ARL-Suite_TwinOtter_20240629_R0_L1.ict"
11,114,40.065,-105.263,2668,1051,0.9,7.83,55.2,1.91,"aircraft",0.0255575811915645,"basin","AMMBEC-ARL-Suite_TwinOtter_20240629_R0_L1.ict"
12,63,40.131,-105.263,2670,1081,-0.2,4.27,51.4,1.64,"aircraft",0.0113096504824099,"basin","AMMBEC-ARL-Suite_TwinOtter_20240629_R0_L1.ict"
13,37,39.913,-105.252,2651,851,173.9,5.24,61.6,1.3,"aircraft",0.019367714630425,"edge","AMMBEC-ARL-Suite_TwinOtter_20240629_R0_L1.ict"
14,117,39.822,-105.24,2653,844,174.4,7.92,52.1,1.07,"aircraft",0.0136132606289705,"edge","AMMBEC-ARL-Suite_TwinOtter_20240629_R0_L1.ict"
1,64,40.582,-104.715,2016,545,-91.5,4.2,23.6,4.81,"aircraft",0.0155190753735749,"basin","AMMBEC-ARL-Suite_TwinOtter_20240629_R0_L2.ict"
2,168,40.522,-104.798,2024,572,-151.2,11.07,22.2,3.53,"aircraft",0.0283588318782915,"basin","AMMBEC-ARL-Suite_TwinOtter_20240629_R0_L2.ict"
3,75,40.318,-104.948,2016,542,-150.8,5.03,16.6,2.73,"aircraft",0.00728849479119575,"basin","AMMBEC-ARL-Suite_TwinOtter_20240629_R0_L2.ict"
4,77,40.079,-104.667,2031,499,80.5,4.78,0.8,2.23,"aircraft",0.000266802880677975,"basin","AMMBEC-ARL-Suite_TwinOtter_20240629_R0_L2.ict"
5,64,40.133,-104.564,2034,520,36.3,4.3,0.6,7.38,"aircraft",0.000677164244800865,"basin","AMMBEC-ARL-Suite_TwinOtter_20240629_R0_L2.ict"
6,69,40.581,-104.632,2031,563,-89.6,8.42,26.6,4.92,"aircraft",0.0413646274726895,"basin","AMMBEC-ARL-Suite_TwinOtter_20240629_R0_L2.ict"
7,179,40.519,-104.799,2033,581,-150.9,12.31,17.8,5.96,"aircraft",0.0423420475704834,"basin","AMMBEC-ARL-Suite_TwinOtter_20240629_R0_L2.ict"
8,84,40.335,-104.935,2031,564,-150.7,5.91,12.1,3.15,"aircraft",0.00749496358509556,"basin","AMMBEC-ARL-Suite_TwinOtter_20240629_R0_L2.ict"
9,73,40.24,-105.005,2027,540,-150.5,5.02,11,2.5,"aircraft",0.0044949082149357,"basin","AMMBEC-ARL-Suite_TwinOtter_20240629_R0_L2.ict"
10,59,40.111,-105.099,2026,482,-150.5,7.24,17.4,1.98,"aircraft",0.00611798241819693,"basin","AMMBEC-ARL-Suite_TwinOtter_20240629_R0_L2.ict"
7,63,40.563,-104.397,2007,538,141.3,4.38,12.2,5.57,"aircraft",0.00981511064326472,"basin","AMMBEC-ARL-Suite_TwinOtter_20240702_R0_L1.ict"
1,72,40.011,-105.132,2037,407,-89.4,4.56,0.9,3.09,"aircraft",0.000336328983990407,"edge","AMMBEC-ARL-Suite_TwinOtter_20240702_R0_L2.ict"
2,70,40.163,-104.536,2359,879,-143.8,4.67,12,5.56,"aircraft",0.00842456081962896,"basin","AMMBEC-ARL-Suite_TwinOtter_20240702_R0_L2.ict"
3,65,40.162,-104.537,2354,873,-143.1,4.83,4.2,5.4,"aircraft",0.00305456155363644,"basin","AMMBEC-ARL-Suite_TwinOtter_20240702_R0_L2.ict"
1,104,39.997,-105.269,3313,1601,171.7,6.57,17.5,10.92,"aircraft",0.0353653555127789,"edge","AMMBEC-ARL-Suite_TwinOtter_20240703_R0_L1.ict"
2,71,39.996,-105.253,3316,1604,4.9,4.9,19.4,10.68,"aircraft",0.0288466146416267,"edge","AMMBEC-ARL-Suite_TwinOtter_20240703_R0_L1.ict"
3,62,40.077,-105.193,3319,1736,36.7,4.73,24.4,6.02,"aircraft",0.0196702766820997,"basin","AMMBEC-ARL-Suite_TwinOtter_20240703_R0_L1.ict"
4,175,40.149,-105.137,3315,1772,26.1,13.17,20.4,9.33,"aircraft",0.0703837768749029,"basin","AMMBEC-ARL-Suite_TwinOtter_20240703_R0_L1.ict"
5,203,40.302,-105.021,3315,1802,36.4,18.41,23.5,4.17,"aircraft",0.0516407388674375,"basin","AMMBEC-ARL-Suite_TwinOtter_20240703_R0_L1.ict"
6,461,40.508,-104.821,3314,1844,37.7,34.68,21.9,3.22,"aircraft",0.0704453355665902,"basin","AMMBEC-ARL-Suite_TwinOtter_20240703_R0_L1.ict"
7,154,40.626,-104.801,3312,1806,-106.2,10.06,22.7,0.58,"aircraft",0.00379796659558972,"basin","AMMBEC-ARL-Suite_TwinOtter_20240703_R0_L1.ict"
8,65,40.412,-104.888,2014,528,-162.4,4.31,115.9,1.14,"aircraft",0.0191172900523505,"basin","AMMBEC-ARL-Suite_TwinOtter_20240703_R0_L1.ict"
9,25,40.113,-104.985,2020,475,-180,4.7,159.9,1.24,"aircraft",0.0178929475368337,"basin","AMMBEC-ARL-Suite_TwinOtter_20240703_R0_L1.ict"
10,93,40.048,-104.985,2016,450,179.8,6.22,127,0.58,"aircraft",0.0148398531255095,"edge","AMMBEC-ARL-Suite_TwinOtter_20240703_R0_L1.ict"
11,81,39.969,-104.985,2016,429,179.8,5.29,120.7,0.8,"aircraft",0.0166283927292459,"edge","AMMBEC-ARL-Suite_TwinOtter_20240703_R0_L1.ict"
12,77,39.766,-104.984,2013,384,-179.9,5.02,45.4,1.98,"aircraft",0.0148715968311092,"urban","AMMBEC-ARL-Suite_TwinOtter_20240703_R0_L1.ict"
13,62,39.422,-104.983,2166,285,179.2,4,19.8,2.73,"aircraft",0.00653542470853792,"edge","AMMBEC-ARL-Suite_TwinOtter_20240703_R0_L1.ict"
14,88,39.372,-104.983,2175,237,179.8,5.68,20.5,3.34,"aircraft",0.0126883592982073,"edge","AMMBEC-ARL-Suite_TwinOtter_20240703_R0_L1.ict"
15,75,39.557,-104.984,3981,2180,0.2,5.78,3.3,7.5,"aircraft",0.00363437938549392,"urban","AMMBEC-ARL-Suite_TwinOtter_20240703_R0_L1.ict"
16,106,39.62,-104.984,3979,2235,-0.3,7.71,1,7.91,"aircraft",0.00150934315485582,"urban","AMMBEC-ARL-Suite_TwinOtter_20240703_R0_L1.ict"
17,225,39.779,-104.985,3976,2361,-0.1,16.7,7.6,8.15,"aircraft",0.0261524536708289,"urban","AMMBEC-ARL-Suite_TwinOtter_20240703_R0_L1.ict"
18,333,39.985,-104.985,3974,2397,-0.1,28.03,10.2,11.22,"aircraft",0.0748653445238332,"edge","AMMBEC-ARL-Suite_TwinOtter_20240703_R0_L1.ict"
19,117,40.152,-104.986,3971,2457,-0.1,8.6,9.1,13.07,"aircraft",0.0268966705857233,"basin","AMMBEC-ARL-Suite_TwinOtter_20240703_R0_L1.ict"
20,230,40.268,-104.986,3969,2474,0.2,16.47,18.5,9.83,"aircraft",0.0802697752224133,"basin","AMMBEC-ARL-Suite_TwinOtter_20240703_R0_L1.ict"
21,159,40.196,-104.986,2032,533,179.9,11.31,110.5,1.28,"aircraft",0.0535232371378995,"basin","AMMBEC-ARL-Suite_TwinOtter_20240703_R0_L1.ict"
22,81,40.119,-104.985,2030,494,179.4,5.53,104.9,1.07,"aircraft",0.0205396011385463,"basin","AMMBEC-ARL-Suite_TwinOtter_20240703_R0_L1.ict"
23,79,39.828,-104.985,2027,440,179.9,5.4,48.7,2.63,"aircraft",0.0221800340379599,"urban","AMMBEC-ARL-Suite_TwinOtter_20240703_R0_L1.ict"
24,64,39.622,-104.983,3833,2090,-0.1,4.58,0.3,6.33,"aircraft",0.00019105792148976,"urban","AMMBEC-ARL-Suite_TwinOtter_20240703_R0_L1.ict"
25,66,39.736,-104.985,3832,2200,0,4.6,2.6,8.5,"aircraft",0.00236118848630938,"urban","AMMBEC-ARL-Suite_TwinOtter_20240703_R0_L1.ict"
26,204,39.865,-104.985,3829,2242,-0.3,15.1,8.8,9.22,"aircraft",0.0313728714226761,"urban","AMMBEC-ARL-Suite_TwinOtter_20240703_R0_L1.ict"
27,57,40.03,-104.986,3824,2247,-0.4,7.25,18.5,11.98,"aircraft",0.0414964781473378,"edge","AMMBEC-ARL-Suite_TwinOtter_20240703_R0_L1.ict"
28,151,40.108,-104.986,3825,2287,-0.1,11.14,21.1,12.88,"aircraft",0.0806055306961085,"basin","AMMBEC-ARL-Suite_TwinOtter_20240703_R0_L1.ict"
1,71,39.603,-104.991,4017,2236,-0.8,4.78,1.3,12.89,"aircraft",0.00211940199781137,"urban","AMMBEC-ARL-Suite_TwinOtter_20240703_R0_L2.ict"
2,67,39.781,-104.989,4018,2398,0.1,4.6,21.9,9.7,"aircraft",0.024629813253517,"urban","AMMBEC-ARL-Suite_TwinOtter_20240703_R0_L2.ict"
3,73,40.236,-104.987,4010,2522,0.1,5.4,14.3,11.22,"aircraft",0.0226887066733618,"basin","AMMBEC-ARL-Suite_TwinOtter_20240703_R0_L2.ict"
4,72,39.746,-105.161,2034,303,-17.6,4.7,9.4,6.59,"aircraft",0.00900926218633128,"urban","AMMBEC-ARL-Suite_TwinOtter_20240703_R0_L2.ict"
5,76,39.792,-105.18,2028,328,-18.7,4.66,17.7,7.49,"aircraft",0.0203490847407619,"urban","AMMBEC-ARL-Suite_TwinOtter_20240703_R0_L2.ict"
6,72,39.9,-105.26,4029,2230,175.1,4.61,23.8,11.27,"aircraft",0.0326657392033521,"edge","AMMBEC-ARL-Suite_TwinOtter_20240703_R0_L2.ict"
1,107,40.025,-105.22,2658,971,-91.7,7.46,3,5.01,"aircraft",0.00334282452386634,"edge","AMMBEC-ARL-Suite_TwinOtter_20240704_R0_L1.ict"
2,95,39.924,-105.27,2660,862,4.4,6.2,11.3,0.72,"aircraft",0.00168672253120143,"edge","AMMBEC-ARL-Suite_TwinOtter_20240704_R0_L1.ict"
3,78,40.32,-104.954,2004,525,-155,4.62,38,1.91,"aircraft",0.0110983044324984,"basin","AMMBEC-ARL-Suite_TwinOtter_20240704_R0_L1.ict"
4,62,40.28,-104.422,2335,909,36.2,4.15,49.6,1.33,"aircraft",0.00879757484906793,"basin","AMMBEC-ARL-Suite_TwinOtter_20240704_R0_L1.ict"
5,69,40.438,-104.578,3618,2209,-26.7,4.08,0.1,8.32,"aircraft",0.000119817578860623,"basin","AMMBEC-ARL-Suite_TwinOtter_20240704_R0_L1.ict"
6,73,40.579,-104.76,2344,870,-93.2,4.86,28.5,1.99,"aircraft",0.00852924775476957,"basin","AMMBEC-ARL-Suite_TwinOtter_20240704_R0_L1.ict"
7,152,40.525,-104.826,2340,880,-154.3,9.61,30.8,0.95,"aircraft",0.00912130232943369,"basin","AMMBEC-ARL-Suite_TwinOtter_20240704_R0_L1.ict"
8,61,40.447,-104.875,2341,870,-154.6,4.02,38.7,1.44,"aircraft",0.00744518192582944,"basin","AMMBEC-ARL-Suite_TwinOtter_20240704_R0_L1.ict"
9,60,40.106,-105.087,2345,789,-154.6,3.81,22.4,4.03,"aircraft",0.0108260077806632,"basin","AMMBEC-ARL-Suite_TwinOtter_20240704_R0_L1.ict"
10,79,39.951,-104.887,2343,776,-66.2,8.08,9,1.03,"aircraft",0.00326390074671815,"edge","AMMBEC-ARL-Suite_TwinOtter_20240704_R0_L1.ict"
1,72,40.238,-104.465,2032,579,36,4.15,8.8,2.91,"aircraft",0.00347880790002926,"basin","AMMBEC-ARL-Suite_TwinOtter_20240704_R0_L2.ict"
2,71,40.493,-104.301,2040,615,-47.1,4.79,0.5,3.5,"aircraft",0.000276705469646782,"basin","AMMBEC-ARL-Suite_TwinOtter_20240704_R0_L2.ict"
3,67,40.58,-104.562,2042,577,-90.1,4.81,8,2.39,"aircraft",0.00247775463128128,"basin","AMMBEC-ARL-Suite_TwinOtter_20240704_R0_L2.ict"
4,168,40.506,-104.837,2037,584,-155.4,11.47,23.6,1.31,"aircraft",0.0119948589665393,"basin","AMMBEC-ARL-Suite_TwinOtter_20240704_R0_L2.ict"
5,65,40.342,-104.939,2036,569,-154.3,4.34,27,2.14,"aircraft",0.00829993047086678,"basin","AMMBEC-ARL-Suite_TwinOtter_20240704_R0_L2.ict"
6,61,40.251,-104.452,2359,919,37.2,4.21,24,1.98,"aircraft",0.00658789355368207,"basin","AMMBEC-ARL-Suite_TwinOtter_20240704_R0_L2.ict"
7,123,40.578,-104.722,2358,887,-90.4,8.71,6.1,1.57,"aircraft",0.00205964851338072,"basin","AMMBEC-ARL-Suite_TwinOtter_20240704_R0_L2.ict"
8,72,40.485,-104.849,2352,904,-154.7,4.82,20.9,0.75,"aircraft",0.00246211824089334,"basin","AMMBEC-ARL-Suite_TwinOtter_20240704_R0_L2.ict"
9,60,40.153,-105.056,2351,841,-154.5,4.13,39.7,3.33,"aircraft",0.0172163956047326,"basin","AMMBEC-ARL-Suite_TwinOtter_20240704_R0_L2.ict"
10,108,40.088,-105.097,2354,795,-154.4,7.66,41,3.11,"aircraft",0.0308178654604585,"basin","AMMBEC-ARL-Suite_TwinOtter_20240704_R0_L2.ict"
11,132,40.123,-105.078,2354,818,25.6,8.63,36.7,3.58,"aircraft",0.0356457634895514,"basin","AMMBEC-ARL-Suite_TwinOtter_20240704_R0_L2.ict"
12,80,40.291,-104.973,2353,863,25.6,5.3,28.3,2.3,"aircraft",0.010326845423587,"basin","AMMBEC-ARL-Suite_TwinOtter_20240704_R0_L2.ict"
13,84,40.579,-104.794,2355,871,29.6,5.54,0.7,3.67,"aircraft",0.000454864977959486,"basin","AMMBEC-ARL-Suite_TwinOtter_20240704_R0_L2.ict"
14,100,40.403,-104.901,2684,1198,-154.1,7.18,22.8,1.3,"aircraft",0.00672538510991314,"basin","AMMBEC-ARL-Suite_TwinOtter_20240704_R0_L2.ict"
15,122,40.101,-105.09,2684,1131,-154.6,8.22,31.6,4.13,"aircraft",0.0332823546195633,"basin","AMMBEC-ARL-Suite_TwinOtter_20240704_R0_L2.ict"
16,75,40.045,-105.171,2686,1074,-96.1,5.27,26.4,1.56,"aircraft",0.00635189671006872,"edge","AMMBEC-ARL-Suite_TwinOtter_20240704_R0_L2.ict"
17,74,39.981,-105.265,2686,967,-178.9,4.88,18.9,3.06,"aircraft",0.00854052632948398,"edge","AMMBEC-ARL-Suite_TwinOtter_20240704_R0_L2.ict"
1,106,39.647,-104.676,2017,255,131.4,7.05,15.8,4.77,"aircraft",0.0183942980103753,"urban","AMMBEC-ARL-Suite_TwinOtter_20240705_R0_L1.ict"
2,91,39.579,-104.564,2025,195,128,6.15,8.6,5.47,"aircraft",0.00957037715500181,"urban","AMMBEC-ARL-Suite_TwinOtter_20240705_R0_L1.ict"
3,61,39.73,-104.387,2027,355,0,3.55,7.3,2.33,"aircraft",0.00194960977999923,"edge","AMMBEC-ARL-Suite_TwinOtter_20240705_R0_L1.ict"
4,86,40.188,-104.383,2026,582,0.1,5.08,11.3,0.75,"aircraft",0.00140788251828879,"basin","AMMBEC-ARL-Suite_TwinOtter_20240705_R0_L1.ict"
5,62,40.32,-104.409,3910,2504,119.1,4.61,0,6.75,"aircraft",3.46730566732406e-05,"basin","AMMBEC-ARL-Suite_TwinOtter_20240705_R0_L1.ict"
6,32,40.247,-104.382,3912,2490,-179.6,2.52,2.6,2.75,"aircraft",0.000488413873004308,"basin","AMMBEC-ARL-Suite_TwinOtter_20240705_R0_L1.ict"
7,488,39.995,-104.384,3914,2397,-179.8,37.22,3.8,7.81,"aircraft",0.0308439494283694,"edge","AMMBEC-ARL-Suite_TwinOtter_20240705_R0_L1.ict"
8,284,39.667,-104.385,3917,2192,-179.4,24.78,6,8.88,"aircraft",0.0383472943535483,"edge","AMMBEC-ARL-Suite_TwinOtter_20240705_R0_L1.ict"
9,82,39.52,-104.388,3917,2098,-179.6,6.11,2.2,12.1,"aircraft",0.00453431578084444,"edge","AMMBEC-ARL-Suite_TwinOtter_20240705_R0_L1.ict"
10,73,39.471,-104.394,2973,1123,-88.3,4.78,11.6,4.48,"aircraft",0.00768127148756076,"edge","AMMBEC-ARL-Suite_TwinOtter_20240705_R0_L1.ict"
11,174,39.474,-104.584,2969,1070,-89.4,11.46,9.6,3.28,"aircraft",0.0108928341339793,"edge","AMMBEC-ARL-Suite_TwinOtter_20240705_R0_L1.ict"
12,104,39.477,-104.866,2968,1111,-89.1,6.92,19.2,2.99,"aircraft",0.0114031271481667,"edge","AMMBEC-ARL-Suite_TwinOtter_20240705_R0_L1.ict"
13,95,39.479,-104.977,2968,1151,-86.9,6.43,23.6,1.79,"aircraft",0.00800067978020189,"edge","AMMBEC-ARL-Suite_TwinOtter_20240705_R0_L1.ict"
14,362,39.661,-104.984,3943,2295,-0.3,25.95,1,10.11,"aircraft",0.00829737981540467,"urban","AMMBEC-ARL-Suite_TwinOtter_20240705_R0_L1.ict"
15,187,39.842,-104.986,3943,2347,-0.3,12.18,1.9,9.19,"aircraft",0.00525846701140973,"urban","AMMBEC-ARL-Suite_TwinOtter_20240705_R0_L1.ict"
16,152,39.945,-104.986,3939,2350,-0.4,10.29,5,7.42,"aircraft",0.010462477015139,"urban","AMMBEC-ARL-Suite_TwinOtter_20240705_R0_L1.ict"
17,122,40.031,-104.987,3938,2383,-0.3,8.28,5,7.46,"aircraft",0.00831407103634514,"edge","AMMBEC-ARL-Suite_TwinOtter_20240705_R0_L1.ict"
18,263,40.198,-104.988,3937,2427,-0.6,17.09,4.2,8.41,"aircraft",0.0163828252139983,"basin","AMMBEC-ARL-Suite_TwinOtter_20240705_R0_L1.ict"
19,66,40.155,-104.987,2011,501,180,4.11,29.5,2.04,"aircraft",0.00811210547265261,"basin","AMMBEC-ARL-Suite_TwinOtter_20240705_R0_L1.ict"
20,67,40.435,-105.135,2024,411,12.7,4.39,12.5,1.7,"aircraft",0.00311491168083844,"basin","AMMBEC-ARL-Suite_TwinOtter_20240705_R0_L1.ict"
21,99,40.396,-105.147,3945,2360,-166.2,6.93,3.4,8.53,"aircraft",0.00538705573880883,"basin","AMMBEC-ARL-Suite_TwinOtter_20240705_R0_L1.ict"
22,194,40.302,-105.177,3947,2285,-166.5,14.11,5.3,9.72,"aircraft",0.0197978412061054,"basin","AMMBEC-ARL-Suite_TwinOtter_20240705_R0_L1.ict"
23,311,40.137,-105.229,3951,2304,-166.5,22.47,5.2,9.96,"aircraft",0.031337905410233,"basin","AMMBEC-ARL-Suite_TwinOtter_20240705_R0_L1.ict"
24,74,39.99,-105.268,3952,1894,-166.6,5.28,3.1,8.91,"aircraft",0.00393312317851746,"edge","AMMBEC-ARL-Suite_TwinOtter_20240705_R0_L1.ict"
1,106,40.31,-104.395,2031,628,36.7,6.47,16.7,2.3,"aircraft",0.00803170576909574,"basin","AMMBEC-ARL-Suite_TwinOtter_20240705_R0_L2.ict"
2,89,40.189,-105.016,2357,848,26.3,5.9,23.6,2.19,"aircraft",0.00973646592072894,"basin","AMMBEC-ARL-Suite_TwinOtter_20240705_R0_L2.ict"
3,83,40.53,-104.797,2353,856,26.1,5.45,13.3,1.9,"aircraft",0.00424881318992989,"basin","AMMBEC-ARL-Suite_TwinOtter_20240705_R0_L2.ict"
4,48,40.581,-104.719,2355,863,91.3,4.7,19.9,1.34,"aircraft",0.00388955268857078,"basin","AMMBEC-ARL-Suite_TwinOtter_20240705_R0_L2.ict"
5,83,40.582,-104.552,2342,863,92.1,5.53,27,2.07,"aircraft",0.0106224399608343,"basin","AMMBEC-ARL-Suite_TwinOtter_20240705_R0_L2.ict"
6,73,40.211,-104.489,2340,886,-143.1,4.96,18.3,1.91,"aircraft",0.00545766651384081,"basin","AMMBEC-ARL-Suite_TwinOtter_20240705_R0_L2.ict"
7,132,40.142,-105.046,2357,844,26.4,9.33,22.6,3.51,"aircraft",0.0238258099923178,"basin","AMMBEC-ARL-Suite_TwinOtter_20240705_R0_L2.ict"
8,189,40.246,-104.979,2357,854,26.1,15.23,28.7,1.92,"aircraft",0.0272112141815521,"basin","AMMBEC-ARL-Suite_TwinOtter_20240705_R0_L2.ict"
9,77,40.368,-104.901,2356,869,26.3,5.54,18.9,1.69,"aircraft",0.00570372530034066,"basin","AMMBEC-ARL-Suite_TwinOtter_20240705_R0_L2.ict"
10,135,40.545,-104.788,2355,854,25,9.86,18.3,1.18,"aircraft",0.00784846198403853,"basin","AMMBEC-ARL-Suite_TwinOtter_20240705_R0_L2.ict"
11,203,40.53,-104.799,2682,1191,-157.1,15.91,15.6,0.77,"aircraft",0.00627628099305656,"basin","AMMBEC-ARL-Suite_TwinOtter_20240705_R0_L2.ict"
12,71,40.432,-104.86,2679,1204,-153.8,4.94,14.9,0.82,"aircraft",0.00178257590855396,"basin","AMMBEC-ARL-Suite_TwinOtter_20240705_R0_L2.ict"
13,101,40.345,-104.915,2679,1193,-154.1,7.04,17.1,0.63,"aircraft",0.00238160439667427,"basin","AMMBEC-ARL-Suite_TwinOtter_20240705_R0_L2.ict"
14,131,40.207,-105.004,2681,1172,-153.8,10.72,23.8,0.78,"aircraft",0.00648599812108739,"basin","AMMBEC-ARL-Suite_TwinOtter_20240705_R0_L2.ict"
15,157,40.067,-105.093,2684,1143,-152.9,10.99,32.7,2.75,"aircraft",0.0303153962231059,"basin","AMMBEC-ARL-Suite_TwinOtter_20240705_R0_L2.ict"
16,69,40.042,-105.245,3976,2341,-177.5,4.77,0.5,11.76,"aircraft",0.000722180135548459,"edge","AMMBEC-ARL-Suite_TwinOtter_20240705_R0_L2.ict"
17,137,39.971,-105.252,3979,2213,-174.3,9.79,1.8,11.47,"aircraft",0.00514195992852918,"edge","AMMBEC-ARL-Suite_TwinOtter_20240705_R0_L2.ict"
18,88,39.944,-105.242,3979,2241,-5.8,6.18,3.8,10.59,"aircraft",0.00656349889940754,"edge","AMMBEC-ARL-Suite_TwinOtter_20240705_R0_L2.ict"
19,149,40.018,-105.263,3978,2139,-11,10.48,0.6,10.53,"aircraft",0.00169405824650052,"edge","AMMBEC-ARL-Suite_TwinOtter_20240705_R0_L2.ict"
1,79,39.922,-105.087,2170,543,124.1,4.73,40.7,1.07,"aircraft",0.00692305914934125,"urban","AMMBEC-ARL-Suite_TwinOtter_20240708_R0_L1.ict"
2,50,39.62,-104.633,2029,230,128,3.27,32.9,1.5,"aircraft",0.00533680719674188,"urban","AMMBEC-ARL-Suite_TwinOtter_20240708_R0_L1.ict"
3,89,39.509,-104.449,2120,294,128.3,5.89,17.2,1.3,"aircraft",0.00427754468804292,"edge","AMMBEC-ARL-Suite_TwinOtter_20240708_R0_L1.ict"
4,65,40.405,-104.544,3941,2525,-146.5,4.51,5.5,2.8,"aircraft",0.00191134355935587,"basin","AMMBEC-ARL-Suite_TwinOtter_20240708_R0_L1.ict"
5,63,40.251,-104.381,3295,1873,-178.4,4.34,66.8,2.48,"aircraft",0.0210982640973006,"basin","AMMBEC-ARL-Suite_TwinOtter_20240708_R0_L1.ict"
6,270,40.129,-104.383,3293,1834,-179.6,19.32,17.2,1.22,"aircraft",0.0127708075641074,"basin","AMMBEC-ARL-Suite_TwinOtter_20240708_R0_L1.ict"
7,128,39.912,-104.385,3294,1738,-179.7,8.49,24.1,1.98,"aircraft",0.0115768146481358,"edge","AMMBEC-ARL-Suite_TwinOtter_20240708_R0_L1.ict"
8,112,39.837,-104.385,3293,1703,-179.7,7.08,21.8,2.72,"aircraft",0.0125464922578434,"edge","AMMBEC-ARL-Suite_TwinOtter_20240708_R0_L1.ict"
9,98,39.69,-104.387,3296,1566,-179.7,6.83,25.4,1.75,"aircraft",0.00869600861317722,"edge","AMMBEC-ARL-Suite_TwinOtter_20240708_R0_L1.ict"
10,62,39.478,-104.935,2982,1171,-89.1,3.96,19.6,1.22,"aircraft",0.00290721832095608,"edge","AMMBEC-ARL-Suite_TwinOtter_20240708_R0_L1.ict"
11,70,39.66,-104.985,3957,2312,0.3,4.98,3.4,4.67,"aircraft",0.00211403932127303,"urban","AMMBEC-ARL-Suite_TwinOtter_20240708_R0_L1.ict"
12,110,39.722,-104.985,3960,2347,-0.3,7.77,4,5.46,"aircraft",0.00454880210281161,"urban","AMMBEC-ARL-Suite_TwinOtter_20240708_R0_L1.ict"
13,117,39.882,-104.986,3959,2362,-0.4,8.07,3.3,5.79,"aircraft",0.00415256170986154,"urban","AMMBEC-ARL-Suite_TwinOtter_20240708_R0_L1.ict"
14,248,40.003,-104.987,3960,2392,-0.3,16.89,2.2,6.36,"aircraft",0.00650370198405522,"edge","AMMBEC-ARL-Suite_TwinOtter_20240708_R0_L1.ict"
15,239,40.18,-104.988,3960,2449,-0.1,17.96,2.8,5.9,"aircraft",0.00873504874663446,"basin","AMMBEC-ARL-Suite_TwinOtter_20240708_R0_L1.ict"
16,58,40.204,-105.209,3960,2282,-166.3,4.21,10.6,9.34,"aircraft",0.0111104805274663,"basin","AMMBEC-ARL-Suite_TwinOtter_20240708_R0_L1.ict"
17,76,40.157,-105.224,3956,2316,-166.8,5.47,10.9,8.21,"aircraft",0.0131844478201489,"basin","AMMBEC-ARL-Suite_TwinOtter_20240708_R0_L1.ict"
18,89,40.076,-105.248,3956,2322,-169.9,6.11,11.1,7.87,"aircraft",0.0144358594466965,"basin","AMMBEC-ARL-Suite_TwinOtter_20240708_R0_L1.ict"
19,86,40.017,-105.256,3953,2294,-178.1,5.84,10,9.72,"aircraft",0.0153514600129516,"edge","AMMBEC-ARL-Suite_TwinOtter_20240708_R0_L1.ict"
1,65,40.076,-104.772,1761,237,109.7,4.07,7.6,4.27,"aircraft",0.00449857706244545,"basin","AMMBEC-ARL-Suite_TwinOtter_20240708_R0_L2.ict"
2,65,40.125,-104.647,2082,579,75.4,3.93,5,4.35,"aircraft",0.0024527442166105,"basin","AMMBEC-ARL-Suite_TwinOtter_20240708_R0_L2.ict"
3,69,40.151,-104.53,2088,604,90,4.48,21.6,3.5,"aircraft",0.00964864419179271,"basin","AMMBEC-ARL-Suite_TwinOtter_20240708_R0_L2.ict"
4,66,40.423,-104.559,2183,766,-140.4,4.77,4.8,1.35,"aircraft",0.00128344566696315,"basin","AMMBEC-ARL-Suite_TwinOtter_20240708_R0_L2.ict"
5,63,40.531,-104.853,2370,873,-168.6,5.54,2,0.78,"aircraft",0.000255423523980585,"basin","AMMBEC-ARL-Suite_TwinOtter_20240708_R0_L2.ict"
6,74,40.414,-104.893,2351,865,-163.5,4.76,5.6,0.55,"aircraft",0.000547700746857224,"basin","AMMBEC-ARL-Suite_TwinOtter_20240708_R0_L2.ict"
7,315,40.3,-104.937,2351,860,-163.6,22.4,5.8,0.63,"aircraft",0.00292023623882973,"basin","AMMBEC-ARL-Suite_TwinOtter_20240708_R0_L2.ict"
8,224,40.133,-105.001,2352,835,-163.9,14.59,5.6,0.58,"aircraft",0.00151580430526986,"basin","AMMBEC-ARL-Suite_TwinOtter_20240708_R0_L2.ict"
9,189,40.044,-105.178,2353,750,-102,12.52,15.6,1,"aircraft",0.00642929066182612,"edge","AMMBEC-ARL-Suite_TwinOtter_20240708_R0_L2.ict"
10,158,39.978,-105.264,2356,335,-176.3,10.38,21.6,1.91,"aircraft",0.0138579550693067,"edge","AMMBEC-ARL-Suite_TwinOtter_20240708_R0_L2.ict"
11,86,39.872,-105.259,2357,169,168,7.49,17.3,2.51,"aircraft",0.00948529015724953,"edge","AMMBEC-ARL-Suite_TwinOtter_20240708_R0_L2.ict"
12,68,39.741,-105.161,2324,457,22.5,4.61,9,3.3,"aircraft",0.00436566254786662,"urban","AMMBEC-ARL-Suite_TwinOtter_20240708_R0_L2.ict"
1,62,39.647,-104.97,2029,383,-171.7,6.28,69.4,0.54,"aircraft",0.0117596742204198,"urban","AMMBEC-ARL-Suite_TwinOtter_20240709_R0.ict"
2,78,39.404,-104.599,2356,393,74.5,5.43,21.1,4.59,"aircraft",0.0168169398076305,"edge","AMMBEC-ARL-Suite_TwinOtter_20240709_R0.ict"
3,65,39.78,-104.384,2097,471,-2,4.22,53.3,0.98,"aircraft",0.00664454263279726,"edge","AMMBEC-ARL-Suite_TwinOtter_20240709_R0.ict"
4,86,40.047,-104.384,3962,2472,-179.5,6.59,13.9,0.78,"aircraft",0.00202599169911778,"edge","AMMBEC-ARL-Suite_TwinOtter_20240709_R0.ict"
5,125,39.698,-104.386,3966,2251,-179.7,9.6,7,1.16,"aircraft",0.00135375502059483,"edge","AMMBEC-ARL-Suite_TwinOtter_20240709_R0.ict"
6,73,39.484,-104.389,3974,2137,-179,7.22,20.7,1.17,"aircraft",0.0039812475043902,"edge","AMMBEC-ARL-Suite_TwinOtter_20240709_R0.ict"
7,177,39.371,-104.814,3978,2031,-51,12.07,3,4.93,"aircraft",0.00484498639479621,"edge","AMMBEC-ARL-Suite_TwinOtter_20240709_R0.ict"
8,84,39.575,-104.984,3971,2262,-0.5,5.2,13.8,1.1,"aircraft",0.0020064560161802,"urban","AMMBEC-ARL-Suite_TwinOtter_20240709_R0.ict"
9,127,39.787,-104.986,3972,2373,-0.1,8.53,5.1,3.33,"aircraft",0.00369326776162111,"urban","AMMBEC-ARL-Suite_TwinOtter_20240709_R0.ict"
10,72,40,-104.987,3972,2396,-0.3,4.93,1.3,4,"aircraft",0.000760331518136602,"edge","AMMBEC-ARL-Suite_TwinOtter_20240709_R0.ict"
11,131,40.065,-104.987,3974,2435,-0.1,9.08,3.2,5.16,"aircraft",0.00401428116273224,"basin","AMMBEC-ARL-Suite_TwinOtter_20240709_R0.ict"
13,49,40.157,-105.224,2154,512,14.3,4.97,1.1,7.13,"aircraft",0.00156931943161105,"basin","AMMBEC-ARL-Suite_TwinOtter_20240709_R0.ict"
14,67,40.24,-105.148,2125,564,89.1,4.8,5.4,0.81,"aircraft",0.000644892921029253,"basin","AMMBEC-ARL-Suite_TwinOtter_20240709_R0.ict"
15,69,40.163,-105.103,2124,598,179.7,4.86,5.1,7.62,"aircraft",0.00594996330250858,"basin","AMMBEC-ARL-Suite_TwinOtter_20240709_R0.ict"
16,62,39.999,-105.078,2128,541,167.7,6.77,6.6,3.57,"aircraft",0.00349209379274791,"edge","AMMBEC-ARL-Suite_TwinOtter_20240709_R0.ict"
1,240,39.761,-104.869,2029,401,126.9,18.29,25.2,1.32,"aircraft",0.0176689272994219,"urban","AMMBEC-ARL-Suite_TwinOtter_20240710_R0_L1.ict"
2,69,39.693,-104.754,2028,313,127.8,4.74,16.9,1.24,"aircraft",0.00320011227231672,"urban","AMMBEC-ARL-Suite_TwinOtter_20240710_R0_L1.ict"
3,116,39.624,-104.652,2028,235,127.8,8.14,51,0.88,"aircraft",0.0116304699945083,"urban","AMMBEC-ARL-Suite_TwinOtter_20240710_R0_L1.ict"
4,42,39.546,-104.51,2100,248,127.8,2.73,34.5,1.28,"aircraft",0.00366774754343128,"edge","AMMBEC-ARL-Suite_TwinOtter_20240710_R0_L1.ict"
5,84,39.693,-104.387,2104,371,0.3,5.21,17.7,1.7,"aircraft",0.00501468769819638,"edge","AMMBEC-ARL-Suite_TwinOtter_20240710_R0_L1.ict"
6,67,39.757,-104.387,2104,451,0.2,4.06,36.5,1.77,"aircraft",0.00808735773669709,"edge","AMMBEC-ARL-Suite_TwinOtter_20240710_R0_L1.ict"
7,85,39.837,-104.386,2103,513,0.4,5.08,29.3,0.92,"aircraft",0.00427160869800212,"edge","AMMBEC-ARL-Suite_TwinOtter_20240710_R0_L1.ict"
8,508,40.053,-104.385,2105,612,0.3,34.87,27.2,0.47,"aircraft",0.016199389393437,"basin","AMMBEC-ARL-Suite_TwinOtter_20240710_R0_L1.ict"
9,135,40.27,-104.383,2104,688,-1.3,9.02,23.9,0.36,"aircraft",0.0037487334347806,"basin","AMMBEC-ARL-Suite_TwinOtter_20240710_R0_L1.ict"
10,151,40.357,-104.435,2104,692,-44.1,13.38,10.1,0.4,"aircraft",0.00149274352811183,"basin","AMMBEC-ARL-Suite_TwinOtter_20240710_R0_L1.ict"
11,67,40.324,-104.404,3989,2585,135.4,5.15,7.5,1.99,"aircraft",0.00205339571769599,"basin","AMMBEC-ARL-Suite_TwinOtter_20240710_R0_L1.ict"
12,566,40.072,-104.384,3990,2503,-179.7,53.61,7.5,3.97,"aircraft",0.0386361124036689,"basin","AMMBEC-ARL-Suite_TwinOtter_20240710_R0_L1.ict"
13,439,39.717,-104.985,3983,2357,-0.4,31.42,1.5,3.49,"aircraft",0.00423911900707623,"urban","AMMBEC-ARL-Suite_TwinOtter_20240710_R0_L1.ict"
14,537,40.052,-104.987,3979,2430,-0.3,38.8,2.3,2.29,"aircraft",0.00581794188323503,"basin","AMMBEC-ARL-Suite_TwinOtter_20240710_R0_L1.ict"
15,64,40.175,-104.988,2025,515,179.7,4.21,31.3,2.17,"aircraft",0.00986958550614515,"basin","AMMBEC-ARL-Suite_TwinOtter_20240710_R0_L1.ict"
16,81,39.797,-104.984,2043,447,178.9,5.28,29.4,1.95,"aircraft",0.0104715079999786,"urban","AMMBEC-ARL-Suite_TwinOtter_20240710_R0_L1.ict"
17,54,39.7,-104.984,2043,425,-177.7,3.52,14,2.2,"aircraft",0.00352342589358268,"urban","AMMBEC-ARL-Suite_TwinOtter_20240710_R0_L1.ict"
18,79,40.174,-105.118,2195,663,179.7,5.2,20,4.85,"aircraft",0.0161376717959712,"basin","AMMBEC-ARL-Suite_TwinOtter_20240710_R0_L1.ict"
1,77,40.526,-104.798,2019,524,-155.2,5.1,14.3,3.26,"aircraft",0.00779183704878965,"basin","AMMBEC-ARL-Suite_TwinOtter_20240710_R0_L2.ict"
2,107,40.488,-104.823,2377,907,-154.3,7.69,4.9,3.2,"aircraft",0.00376561017669656,"basin","AMMBEC-ARL-Suite_TwinOtter_20240710_R0_L2.ict"
3,68,40.18,-105.022,2372,862,-154.1,4.82,14.3,1.31,"aircraft",0.00291002124602633,"basin","AMMBEC-ARL-Suite_TwinOtter_20240710_R0_L2.ict"
4,185,39.628,-105.125,2385,575,159.7,13.28,0.6,0.77,"aircraft",0.000211747006636474,"urban","AMMBEC-ARL-Suite_TwinOtter_20240710_R0_L2.ict"
1,284,40.147,-104.879,2022,514,0,21.85,13.2,1.15,"aircraft",0.0101502943372234,"basin","AMMBEC-ARL-Suite_TwinOtter_20240711_R0_L1.ict"
2,433,40.437,-104.88,1854,386,0.3,30.34,14.2,1.53,"aircraft",0.0205517200293818,"basin","AMMBEC-ARL-Suite_TwinOtter_20240711_R0_L1.ict"
3,799,40.312,-104.812,1853,374,179.8,55.02,42.3,1.5,"aircraft",0.0861469746049744,"basin","AMMBEC-ARL-Suite_TwinOtter_20240711_R0_L1.ict"
4,172,40.19,-104.747,1855,343,-0.7,13.7,85.5,0.79,"aircraft",0.0278824894877793,"basin","AMMBEC-ARL-Suite_TwinOtter_20240711_R0_L1.ict"
5,503,40.411,-104.751,1855,401,-0.4,36.15,25.3,1.87,"aircraft",0.0559606242332893,"basin","AMMBEC-ARL-Suite_TwinOtter_20240711_R0_L1.ict"
6,118,40.523,-104.677,1855,423,-179.5,7.84,0.6,2.31,"aircraft",0.000293386663037482,"basin","AMMBEC-ARL-Suite_TwinOtter_20240711_R0_L1.ict"
7,65,40.448,-104.618,1621,205,8.1,4.38,124.2,1.33,"aircraft",0.0234127728169124,"basin","AMMBEC-ARL-Suite_TwinOtter_20240711_R0_L1.ict"
8,68,40.409,-104.534,1621,219,-136.7,4.33,128.8,1.5,"aircraft",0.0273328705909914,"basin","AMMBEC-ARL-Suite_TwinOtter_20240711_R0_L1.ict"
9,68,40.481,-104.597,3014,1593,43.1,4.62,1.6,1.1,"aircraft",0.000219165580666823,"basin","AMMBEC-ARL-Suite_TwinOtter_20240711_R0_L1.ict"
10,233,40.336,-104.68,1856,407,-179.5,17.35,54.2,0.57,"aircraft",0.0219588408033969,"basin","AMMBEC-ARL-Suite_TwinOtter_20240711_R0_L1.ict"
11,77,40.11,-104.681,1857,331,177.6,5.01,51.4,1.11,"aircraft",0.00923914705306562,"basin","AMMBEC-ARL-Suite_TwinOtter_20240711_R0_L1.ict"
12,80,40.192,-104.608,1857,357,0.3,5.42,64.7,0.71,"aircraft",0.00861553674143415,"basin","AMMBEC-ARL-Suite_TwinOtter_20240711_R0_L1.ict"
13,61,40.256,-104.607,1855,390,-0.4,3.94,87.3,1.06,"aircraft",0.0110145634679598,"basin","AMMBEC-ARL-Suite_TwinOtter_20240711_R0_L1.ict"
14,375,40.454,-104.606,1853,427,0.6,27.22,12.1,0.45,"aircraft",0.00590349398229658,"basin","AMMBEC-ARL-Suite_TwinOtter_20240711_R0_L1.ict"
15,440,40.393,-104.537,1851,425,-179.9,29.64,51.6,1.1,"aircraft",0.0669637000438764,"basin","AMMBEC-ARL-Suite_TwinOtter_20240711_R0_L1.ict"
16,64,40.001,-104.907,1858,312,-119.9,4.42,14.8,1.58,"aircraft",0.00372512088393318,"edge","AMMBEC-ARL-Suite_TwinOtter_20240711_R0_L1.ict"
1,65,40.398,-104.622,2998,1585,89.8,4.35,13.4,3.22,"aircraft",0.00534937717331612,"basin","AMMBEC-ARL-Suite_TwinOtter_20240711_R0_L2.ict"
2,39,40.428,-104.616,1953,542,-11.6,2.36,48.1,1.07,"aircraft",0.00478073006230517,"basin","AMMBEC-ARL-Suite_TwinOtter_20240711_R0_L2.ict"
3,65,40.436,-104.617,1627,212,-1.5,4.25,16.9,1.44,"aircraft",0.0031270184674097,"basin","AMMBEC-ARL-Suite_TwinOtter_20240711_R0_L2.ict"
4,68,40.523,-104.561,2013,586,-33.6,4.6,22.1,1.12,"aircraft",0.00376437806236173,"basin","AMMBEC-ARL-Suite_TwinOtter_20240711_R0_L2.ict"
5,87,40.506,-104.607,2018,597,-179.4,5.92,23.9,0.59,"aircraft",0.00277008081605941,"basin","AMMBEC-ARL-Suite_TwinOtter_20240711_R0_L2.ict"
6,62,40.43,-104.607,2016,608,-179.1,4.34,39.2,0.87,"aircraft",0.00581870444205883,"basin","AMMBEC-ARL-Suite_TwinOtter_20240711_R0_L2.ict"
7,79,40.321,-104.68,2019,565,0,5.36,9.7,0.83,"aircraft",0.00161298771602426,"basin","AMMBEC-ARL-Suite_TwinOtter_20240711_R0_L2.ict"
8,194,40.469,-104.678,2013,592,0.4,12.43,9,0.95,"aircraft",0.00353955228442828,"basin","AMMBEC-ARL-Suite_TwinOtter_20240711_R0_L2.ict"
9,43,40.543,-104.678,2017,571,0.6,2.74,12.6,0.68,"aircraft",0.000782923973318001,"basin","AMMBEC-ARL-Suite_TwinOtter_20240711_R0_L2.ict"
10,62,40.583,-104.716,2015,543,-90.1,4.04,26.7,1.35,"aircraft",0.00488585474549399,"basin","AMMBEC-ARL-Suite_TwinOtter_20240711_R0_L2.ict"
11,93,40.544,-104.754,2016,561,178.9,6.03,14.3,0.72,"aircraft",0.00171401043405718,"basin","AMMBEC-ARL-Suite_TwinOtter_20240711_R0_L2.ict"
12,62,40.475,-104.752,2015,583,179.5,4.03,8.7,1.17,"aircraft",0.00126802630776389,"basin","AMMBEC-ARL-Suite_TwinOtter_20240711_R0_L2.ict"
13,66,40.308,-104.813,2013,559,-0.4,4.28,10.7,0.6,"aircraft",0.00084264822360262,"basin","AMMBEC-ARL-Suite_TwinOtter_20240711_R0_L2.ict"
14,86,40.386,-104.813,2049,588,-0.2,5.64,18.3,1.62,"aircraft",0.00554708554391937,"basin","AMMBEC-ARL-Suite_TwinOtter_20240711_R0_L2.ict"
15,47,40.523,-104.813,2050,599,-0.4,5.14,12.1,1.36,"aircraft",0.00263757294955478,"basin","AMMBEC-ARL-Suite_TwinOtter_20240711_R0_L2.ict"
16,382,40.375,-104.88,2050,584,179.9,26.88,4.4,4.39,"aircraft",0.0160966891022239,"basin","AMMBEC-ARL-Suite_TwinOtter_20240711_R0_L2.ict"
17,89,40.224,-104.88,2052,568,-180,5.85,5.4,3.88,"aircraft",0.00402956769271028,"basin","AMMBEC-ARL-Suite_TwinOtter_20240711_R0_L2.ict"
18,72,40.082,-104.88,2047,521,179.9,4.53,3.1,2.54,"aircraft",0.00115147070397719,"basin","AMMBEC-ARL-Suite_TwinOtter_20240711_R0_L2.ict"
19,84,39.971,-105.062,2064,452,-120.7,5.66,0,0.92,"aircraft",0,"edge","AMMBEC-ARL-Suite_TwinOtter_20240711_R0_L2.ict"
1,14,39.852,-104.981,2054,467,-0.9,0.78,2.4,1.93,"aircraft",0.000111065140072108,"urban","AMMBEC-ARL-Suite_TwinOtter_20240712_R0_L1.ict"
2,88,40.1,-104.984,2057,507,-0.4,5.51,26.6,4.25,"aircraft",0.0186679576623368,"basin","AMMBEC-ARL-Suite_TwinOtter_20240712_R0_L1.ict"
3,153,40.181,-104.985,2056,554,-0.6,9.49,35.5,2.51,"aircraft",0.0316307190069905,"basin","AMMBEC-ARL-Suite_TwinOtter_20240712_R0_L1.ict"
4,95,40.189,-104.985,4044,2542,179.3,7.57,7.7,6.77,"aircraft",0.010179304493377,"basin","AMMBEC-ARL-Suite_TwinOtter_20240712_R0_L1.ict"
5,100,40.113,-104.984,4049,2512,179.7,8.2,3.3,7.68,"aircraft",0.00532382122079124,"basin","AMMBEC-ARL-Suite_TwinOtter_20240712_R0_L1.ict"
6,243,39.979,-104.983,4048,2466,179.4,19.93,2.1,7.23,"aircraft",0.00723781249291015,"edge","AMMBEC-ARL-Suite_TwinOtter_20240712_R0_L1.ict"
7,69,39.863,-104.981,4050,2463,179.6,5.54,1.3,6.69,"aircraft",0.00127744651086053,"urban","AMMBEC-ARL-Suite_TwinOtter_20240712_R0_L1.ict"
1,63,39.967,-104.725,2041,459,-143.4,4.47,13.9,3.48,"aircraft",0.00621187561187788,"edge","AMMBEC-ARL-Suite_TwinOtter_20240712_R0_L2.ict"
2,71,39.987,-104.987,2046,462,-64.4,4.63,4.2,6.41,"aircraft",0.00416732571238705,"edge","AMMBEC-ARL-Suite_TwinOtter_20240712_R0_L2.ict"
3,78,40.093,-104.605,2046,506,36.5,5.09,18.8,1.25,"aircraft",0.00376734459013276,"basin","AMMBEC-ARL-Suite_TwinOtter_20240712_R0_L2.ict"
4,34,40.019,-105.067,1882,273,-51.5,4.08,1.5,5.16,"aircraft",0.000686720869320621,"edge","AMMBEC-ARL-Suite_TwinOtter_20240712_R0_L2.ict"
5,82,40.083,-105.084,1888,328,21.8,5.22,11.7,3.63,"aircraft",0.00709975799914738,"basin","AMMBEC-ARL-Suite_TwinOtter_20240712_R0_L2.ict"
6,198,40.223,-104.995,1889,397,27.5,14.18,32.9,5.88,"aircraft",0.0891486803475209,"basin","AMMBEC-ARL-Suite_TwinOtter_20240712_R0_L2.ict"
7,102,40.144,-105.032,2043,528,-164.4,6.66,26.2,5.43,"aircraft",0.0305014547250841,"basin","AMMBEC-ARL-Suite_TwinOtter_20240712_R0_L2.ict"
8,69,39.97,-105.101,2043,426,-167.7,4.69,0.8,0.6,"aircraft",6.75875225189213e-05,"edge","AMMBEC-ARL-Suite_TwinOtter_20240712_R0_L2.ict"
1,141,40.076,-105.004,2036,480,38.1,9.29,13.4,3.41,"aircraft",0.0134973365637018,"basin","AMMBEC-ARL-Suite_TwinOtter_20240713_R0_L1.ict"
2,574,40.252,-104.824,2036,551,38.1,38.95,34.8,4.04,"aircraft",0.166323460927011,"basin","AMMBEC-ARL-Suite_TwinOtter_20240713_R0_L1.ict"
3,132,40.371,-104.468,4007,2594,145.4,11.01,0.7,1.73,"aircraft",0.000269696248964414,"basin","AMMBEC-ARL-Suite_TwinOtter_20240713_R0_L1.ict"
4,945,39.866,-104.384,4007,2389,-179.4,89.48,0.8,3.95,"aircraft",0.00801109183556889,"edge","AMMBEC-ARL-Suite_TwinOtter_20240713_R0_L1.ict"
5,620,39.475,-104.701,4010,2099,-89.1,46.67,0.2,5.38,"aircraft",0.00135919762984662,"edge","AMMBEC-ARL-Suite_TwinOtter_20240713_R0_L1.ict"
6,1171,39.892,-104.986,4007,2392,-0.2,85.11,1.5,3.69,"aircraft",0.0128875291817202,"urban","AMMBEC-ARL-Suite_TwinOtter_20240713_R0_L1.ict"
7,128,40.12,-104.987,2014,481,179.6,10.75,135.8,2.15,"aircraft",0.0931193585329867,"basin","AMMBEC-ARL-Suite_TwinOtter_20240713_R0_L1.ict"
8,264,39.957,-104.986,2040,455,179.7,20.62,130.7,2.26,"aircraft",0.188694829194374,"edge","AMMBEC-ARL-Suite_TwinOtter_20240713_R0_L1.ict"
9,67,39.794,-104.984,2040,434,179,4.49,164.6,2.11,"aircraft",0.0498594257877905,"urban","AMMBEC-ARL-Suite_TwinOtter_20240713_R0_L1.ict"
10,95,39.743,-104.984,2041,409,-179.5,6.45,129.4,2.31,"aircraft",0.060988304441204,"urban","AMMBEC-ARL-Suite_TwinOtter_20240713_R0_L1.ict"
11,86,39.673,-104.985,2041,362,179,5.95,69.1,2.62,"aircraft",0.0332737419099194,"urban","AMMBEC-ARL-Suite_TwinOtter_20240713_R0_L1.ict"
12,78,39.62,-104.984,2042,295,179.6,5.48,47.6,3.01,"aircraft",0.0232241555845932,"urban","AMMBEC-ARL-Suite_TwinOtter_20240713_R0_L1.ict"
13,51,39.559,-104.984,2040,244,-175.9,3.55,43.9,3.09,"aircraft",0.0163419856278775,"urban","AMMBEC-ARL-Suite_TwinOtter_20240713_R0_L1.ict"
14,243,39.623,-105.066,2043,355,-24.2,16.37,89.1,3.28,"aircraft",0.146118844282772,"urban","AMMBEC-ARL-Suite_TwinOtter_20240713_R0_L1.ict"
15,67,39.711,-105.117,2043,378,-23.1,6.57,77.1,3.17,"aircraft",0.0497727784379411,"urban","AMMBEC-ARL-Suite_TwinOtter_20240713_R0_L1.ict"
16,90,39.769,-105.113,2043,390,44.9,5.76,81.6,1.38,"aircraft",0.0202200149118315,"urban","AMMBEC-ARL-Suite_TwinOtter_20240713_R0_L1.ict"
17,68,39.798,-105.068,2044,425,51.5,4.29,115.1,0.77,"aircraft",0.0120395766160871,"urban","AMMBEC-ARL-Suite_TwinOtter_20240713_R0_L1.ict"
18,87,39.827,-105.021,2046,455,50.8,5.6,120.9,0.71,"aircraft",0.0152392632342092,"urban","AMMBEC-ARL-Suite_TwinOtter_20240713_R0_L1.ict"
19,69,39.929,-104.993,2046,459,-5.5,4.6,141.3,1.45,"aircraft",0.0301354210748282,"urban","AMMBEC-ARL-Suite_TwinOtter_20240713_R0_L1.ict"
20,269,40.158,-105.078,2046,515,2.6,20.55,98,1.93,"aircraft",0.130538236231554,"basin","AMMBEC-ARL-Suite_TwinOtter_20240713_R0_L1.ict"
21,164,40.316,-105.073,2045,518,0.4,11.13,136.4,2.39,"aircraft",0.109661393305083,"basin","AMMBEC-ARL-Suite_TwinOtter_20240713_R0_L1.ict"
22,80,40.307,-105.089,2047,521,172.1,5.46,109.9,2.2,"aircraft",0.0426581773003016,"basin","AMMBEC-ARL-Suite_TwinOtter_20240713_R0_L1.ict"
23,58,40.264,-105.084,2044,512,-178.3,3.86,100.7,1.88,"aircraft",0.023143064254722,"basin","AMMBEC-ARL-Suite_TwinOtter_20240713_R0_L1.ict"
24,297,40.135,-105.09,2048,512,-177.4,20.17,108.2,2.14,"aircraft",0.145699281625131,"basin","AMMBEC-ARL-Suite_TwinOtter_20240713_R0_L1.ict"
25,63,40.022,-105.096,2049,444,176.8,4.18,117.5,2.95,"aircraft",0.0459395612426702,"edge","AMMBEC-ARL-Suite_TwinOtter_20240713_R0_L1.ict"
1,64,39.532,-104.344,4048,2301,95.5,4.63,2.5,6.5,"aircraft",0.00192616624608621,"edge","AMMBEC-ARL-Suite_TwinOtter_20240713_R0_L2.ict"
2,68,39.572,-104.319,4055,2348,-11.6,4.43,8.1,2.31,"aircraft",0.0014794779962435,"edge","AMMBEC-ARL-Suite_TwinOtter_20240713_R0_L2.ict"
3,123,39.634,-104.333,4049,2356,-9.2,8.04,0.4,3.75,"aircraft",0.000350292820238421,"edge","AMMBEC-ARL-Suite_TwinOtter_20240713_R0_L2.ict"
4,84,39.747,-104.385,4046,2372,-5.9,5.19,0.1,3.16,"aircraft",6.93349260312868e-05,"edge","AMMBEC-ARL-Suite_TwinOtter_20240713_R0_L2.ict"
5,133,39.861,-104.386,4048,2432,0.7,8.92,2.5,5.15,"aircraft",0.00310312131600665,"edge","AMMBEC-ARL-Suite_TwinOtter_20240713_R0_L2.ict"
6,77,39.636,-104.386,2045,309,-179.7,5.3,22,3.84,"aircraft",0.0139493808177476,"edge","AMMBEC-ARL-Suite_TwinOtter_20240713_R0_L2.ict"
7,77,40.034,-104.987,2049,473,0.4,5.12,48.6,5.18,"aircraft",0.0405605259814163,"edge","AMMBEC-ARL-Suite_TwinOtter_20240713_R0_L2.ict"
8,104,40.233,-104.988,2044,554,-0.1,7.15,55.2,4.09,"aircraft",0.0531115302784623,"basin","AMMBEC-ARL-Suite_TwinOtter_20240713_R0_L2.ict"
10,70,40.115,-104.987,4045,2506,179.7,5.41,7.4,1.12,"aircraft",0.00125798457565829,"basin","AMMBEC-ARL-Suite_TwinOtter_20240713_R0_L2.ict"
11,100,39.945,-104.986,4047,2460,179.8,7.72,24.1,2.04,"aircraft",0.00810424012845433,"urban","AMMBEC-ARL-Suite_TwinOtter_20240713_R0_L2.ict"
12,63,39.808,-104.985,4048,2454,179.9,4.65,41.3,1.36,"aircraft",0.00663750357659175,"urban","AMMBEC-ARL-Suite_TwinOtter_20240713_R0_L2.ict"
13,130,39.595,-104.984,4048,2274,179.6,9.39,31.8,2.11,"aircraft",0.0177613089796516,"urban","AMMBEC-ARL-Suite_TwinOtter_20240713_R0_L2.ict"
14,198,39.629,-105.07,4049,2372,-24.4,13.78,31.5,1.06,"aircraft",0.0123669211947388,"urban","AMMBEC-ARL-Suite_TwinOtter_20240713_R0_L2.ict"
15,206,39.684,-105.102,2072,406,154.1,16.19,49.8,1.65,"aircraft",0.043963686889452,"urban","AMMBEC-ARL-Suite_TwinOtter_20240713_R0_L2.ict"
16,59,39.539,-105.016,2073,255,153.7,4.19,39.5,4.65,"aircraft",0.0244110343004693,"urban","AMMBEC-ARL-Suite_TwinOtter_20240713_R0_L2.ict"
17,169,39.609,-105.094,2070,390,-23.6,11.08,43.2,2.9,"aircraft",0.0428942868733519,"urban","AMMBEC-ARL-Suite_TwinOtter_20240713_R0_L2.ict"
18,116,39.741,-105.161,2071,339,-19.9,7.82,49.7,1.96,"aircraft",0.0234163631614459,"urban","AMMBEC-ARL-Suite_TwinOtter_20240713_R0_L2.ict"
